Library_ID,code,condition,age,mice_id,experiment,Solexa,well,nas_ID,column,row,indexes
CM1537,ID-SNI-634-1-A,2n,3 mo,AN18CUK011304,SNI-634,,1A,AS-399432-LR-46507,1,A,N701-S502
CM1538,ID-SNI-634-1-B,2n,3 mo,AN18CUK011304,SNI-634,,1B,AS-399434-LR-46507,1,B,N702-S502
CM1539,ID-SNI-634-1-C,2n,3 mo,AN18CUK011304,SNI-634,,1C,AS-399436-LR-46507,1,C,N701-S503
CM1540,ID-SNI-634-1-D,2n,3 mo,AN18CUK011304,SNI-634,,1D,AS-399438-LR-46507,1,D,N702-S503
CM1541,ID-SNI-634-1-E,4n,3 mo,AN18CUK011304,SNI-634,,1E,AS-399440-LR-46507,1,E,N701-S505
CM1542,ID-SNI-634-1-F,4n,3 mo,AN18CUK011304,SNI-634,,1F,AS-399442-LR-46507,1,F,N702-S505
CM1543,ID-SNI-634-1-G,4n,3 mo,AN18CUK011304,SNI-634,,1G,AS-399444-LR-46507,1,G,N701-S506
CM1544,ID-SNI-634-1-H,4n,3 mo,AN18CUK011304,SNI-634,,1H,AS-399446-LR-46507,1,H,N702-S506
CM1545,ID-SNI-634-1-I,2n,22.5 mo,AN16CUK001604,SNI-634,,1I,AS-399448-LR-46507,1,I,N701-S507
CM1546,ID-SNI-634-1-J,2n,22.5 mo,AN16CUK001604,SNI-634,,1J,AS-399450-LR-46507,1,J,N702-S507
CM1547,ID-SNI-634-1-K,2n,22.5 mo,AN16CUK001604,SNI-634,,1K,AS-399452-LR-46507,1,K,N701-S508
CM1548,ID-SNI-634-1-L,2n,22.5 mo,AN16CUK001604,SNI-634,,1L,AS-399454-LR-46507,1,L,N702-S508
CM1549,ID-SNI-634-1-M,4n,22.5 mo,AN16CUK001604,SNI-634,,1M,AS-399456-LR-46507,1,M,N701-S510
CM1550,ID-SNI-634-1-N,4n,22.5 mo,AN16CUK001604,SNI-634,,1N,AS-399458-LR-46507,1,N,N702-S510
CM1551,ID-SNI-634-1-O,4n,22.5 mo,AN16CUK001604,SNI-634,,1O,AS-399460-LR-46507,1,O,N701-S511
CM1552,ID-SNI-634-1-P,4n,22.5 mo,AN16CUK001604,SNI-634,,1P,AS-399462-LR-46507,1,P,N702-S511
CM1553,ID-SNI-634-2-A,2n,3 mo,AN18CUK011304,SNI-634,,2A,AS-399464-LR-46507,2,A,N703-S502
CM1554,ID-SNI-634-2-B,2n,3 mo,AN18CUK011304,SNI-634,,2B,AS-399466-LR-46507,2,B,N704-S502
CM1555,ID-SNI-634-2-C,2n,3 mo,AN18CUK011304,SNI-634,,2C,AS-399468-LR-46507,2,C,N703-S503
CM1556,ID-SNI-634-2-D,2n,3 mo,AN18CUK011304,SNI-634,,2D,AS-399470-LR-46507,2,D,N704-S503
CM1557,ID-SNI-634-2-E,4n,3 mo,AN18CUK011304,SNI-634,,2E,AS-399472-LR-46507,2,E,N703-S505
CM1558,ID-SNI-634-2-F,4n,3 mo,AN18CUK011304,SNI-634,,2F,AS-399474-LR-46507,2,F,N704-S505
CM1559,ID-SNI-634-2-G,4n,3 mo,AN18CUK011304,SNI-634,,2G,AS-399476-LR-46507,2,G,N703-S506
CM1560,ID-SNI-634-2-H,4n,3 mo,AN18CUK011304,SNI-634,,2H,AS-399478-LR-46507,2,H,N704-S506
CM1561,ID-SNI-634-2-I,2n,22.5 mo,AN16CUK001604,SNI-634,,2I,AS-399480-LR-46507,2,I,N703-S507
CM1562,ID-SNI-634-2-J,2n,22.5 mo,AN16CUK001604,SNI-634,,2J,AS-399482-LR-46507,2,J,N704-S507
CM1563,ID-SNI-634-2-K,2n,22.5 mo,AN16CUK001604,SNI-634,,2K,AS-399484-LR-46507,2,K,N703-S508
CM1564,ID-SNI-634-2-L,2n,22.5 mo,AN16CUK001604,SNI-634,,2L,AS-399486-LR-46507,2,L,N704-S508
CM1565,ID-SNI-634-2-M,4n,22.5 mo,AN16CUK001604,SNI-634,,2M,AS-399488-LR-46507,2,M,N703-S510
CM1566,ID-SNI-634-2-N,4n,22.5 mo,AN16CUK001604,SNI-634,,2N,AS-399490-LR-46507,2,N,N704-S510
CM1567,ID-SNI-634-2-O,4n,22.5 mo,AN16CUK001604,SNI-634,,2O,AS-399492-LR-46507,2,O,N703-S511
CM1568,ID-SNI-634-2-P,4n,22.5 mo,AN16CUK001604,SNI-634,,2P,AS-399494-LR-46507,2,P,N704-S511
CM1569,ID-SNI-634-3-A,2n,3 mo,AN18CUK011304,SNI-634,,3A,AS-399496-LR-46507,3,A,N705-S502
CM1570,ID-SNI-634-3-B,2n,3 mo,AN18CUK011304,SNI-634,,3B,AS-399498-LR-46507,3,B,N706-S502
CM1571,ID-SNI-634-3-C,2n,3 mo,AN18CUK011304,SNI-634,,3C,AS-399500-LR-46507,3,C,N705-S503
CM1572,ID-SNI-634-3-D,2n,3 mo,AN18CUK011304,SNI-634,,3D,AS-399502-LR-46507,3,D,N706-S503
CM1573,ID-SNI-634-3-E,4n,3 mo,AN18CUK011304,SNI-634,,3E,AS-399504-LR-46507,3,E,N705-S505
CM1574,ID-SNI-634-3-F,4n,3 mo,AN18CUK011304,SNI-634,,3F,AS-399506-LR-46507,3,F,N706-S505
CM1575,ID-SNI-634-3-G,4n,3 mo,AN18CUK011304,SNI-634,,3G,AS-399508-LR-46507,3,G,N705-S506
CM1576,ID-SNI-634-3-H,4n,3 mo,AN18CUK011304,SNI-634,,3H,AS-399510-LR-46507,3,H,N706-S506
CM1577,ID-SNI-634-3-I,2n,22.5 mo,AN16CUK001604,SNI-634,,3I,AS-399512-LR-46507,3,I,N705-S507
CM1578,ID-SNI-634-3-J,2n,22.5 mo,AN16CUK001604,SNI-634,,3J,AS-399514-LR-46507,3,J,N706-S507
CM1579,ID-SNI-634-3-K,2n,22.5 mo,AN16CUK001604,SNI-634,,3K,AS-399516-LR-46507,3,K,N705-S508
CM1580,ID-SNI-634-3-L,2n,22.5 mo,AN16CUK001604,SNI-634,,3L,AS-399518-LR-46507,3,L,N706-S508
CM1581,ID-SNI-634-3-M,4n,22.5 mo,AN16CUK001604,SNI-634,,3M,AS-399520-LR-46507,3,M,N705-S510
CM1582,ID-SNI-634-3-N,4n,22.5 mo,AN16CUK001604,SNI-634,,3N,AS-399522-LR-46507,3,N,N706-S510
CM1583,ID-SNI-634-3-O,4n,22.5 mo,AN16CUK001604,SNI-634,,3O,AS-399524-LR-46507,3,O,N705-S511
CM1584,ID-SNI-634-3-P,4n,22.5 mo,AN16CUK001604,SNI-634,,3P,AS-399526-LR-46507,3,P,N706-S511
CM1585,ID-SNI-634-4-A,2n,3 mo,AN18CUK011304,SNI-634,,4A,AS-399528-LR-46507,4,A,N707-S502
CM1586,ID-SNI-634-4-B,2n,3 mo,AN18CUK011304,SNI-634,,4B,AS-399530-LR-46507,4,B,N710-S502
CM1587,ID-SNI-634-4-C,2n,3 mo,AN18CUK011304,SNI-634,,4C,AS-399532-LR-46507,4,C,N707-S503
CM1588,ID-SNI-634-4-D,2n,3 mo,AN18CUK011304,SNI-634,,4D,AS-399534-LR-46507,4,D,N710-S503
CM1589,ID-SNI-634-4-E,4n,3 mo,AN18CUK011304,SNI-634,,4E,AS-399536-LR-46507,4,E,N707-S505
CM1590,ID-SNI-634-4-F,4n,3 mo,AN18CUK011304,SNI-634,,4F,AS-399538-LR-46507,4,F,N710-S505
CM1591,ID-SNI-634-4-G,4n,3 mo,AN18CUK011304,SNI-634,,4G,AS-399540-LR-46507,4,G,N707-S506
CM1592,ID-SNI-634-4-H,4n,3 mo,AN18CUK011304,SNI-634,,4H,AS-399542-LR-46507,4,H,N710-S506
CM1593,ID-SNI-634-4-I,2n,22.5 mo,AN16CUK001604,SNI-634,,4I,AS-399544-LR-46507,4,I,N707-S507
CM1594,ID-SNI-634-4-J,2n,22.5 mo,AN16CUK001604,SNI-634,,4J,AS-399546-LR-46507,4,J,N710-S507
CM1595,ID-SNI-634-4-K,2n,22.5 mo,AN16CUK001604,SNI-634,,4K,AS-399548-LR-46507,4,K,N707-S508
CM1596,ID-SNI-634-4-L,2n,22.5 mo,AN16CUK001604,SNI-634,,4L,AS-399550-LR-46507,4,L,N710-S508
CM1597,ID-SNI-634-4-M,4n,22.5 mo,AN16CUK001604,SNI-634,,4M,AS-399552-LR-46507,4,M,N707-S510
CM1598,ID-SNI-634-4-N,4n,22.5 mo,AN16CUK001604,SNI-634,,4N,AS-399554-LR-46507,4,N,N710-S510
CM1599,ID-SNI-634-4-O,4n,22.5 mo,AN16CUK001604,SNI-634,,4O,AS-399556-LR-46507,4,O,N707-S511
CM1600,ID-SNI-634-4-P,4n,22.5 mo,AN16CUK001604,SNI-634,,4P,AS-399558-LR-46507,4,P,N710-S511
CM1601,ID-SNI-634-5-A,2n,3 mo,AN18CUK011304,SNI-634,,5A,AS-399560-LR-46507,5,A,N711-S502
CM1602,ID-SNI-634-5-B,2n,3 mo,AN18CUK011304,SNI-634,,5B,AS-399562-LR-46507,5,B,N712-S502
CM1603,ID-SNI-634-5-C,2n,3 mo,AN18CUK011304,SNI-634,,5C,AS-399564-LR-46507,5,C,N711-S503
CM1604,ID-SNI-634-5-D,2n,3 mo,AN18CUK011304,SNI-634,,5D,AS-399566-LR-46507,5,D,N712-S503
CM1605,ID-SNI-634-5-E,4n,3 mo,AN18CUK011304,SNI-634,,5E,AS-399568-LR-46507,5,E,N711-S505
CM1606,ID-SNI-634-5-F,4n,3 mo,AN18CUK011304,SNI-634,,5F,AS-399570-LR-46507,5,F,N712-S505
CM1607,ID-SNI-634-5-G,4n,3 mo,AN18CUK011304,SNI-634,,5G,AS-399572-LR-46507,5,G,N711-S506
CM1608,ID-SNI-634-5-H,4n,3 mo,AN18CUK011304,SNI-634,,5H,AS-399574-LR-46507,5,H,N712-S506
CM1609,ID-SNI-634-5-I,2n,22.5 mo,AN16CUK001604,SNI-634,,5I,AS-399576-LR-46507,5,I,N711-S507
CM1610,ID-SNI-634-5-J,2n,22.5 mo,AN16CUK001604,SNI-634,,5J,AS-399578-LR-46507,5,J,N712-S507
CM1611,ID-SNI-634-5-K,2n,22.5 mo,AN16CUK001604,SNI-634,,5K,AS-399580-LR-46507,5,K,N711-S508
CM1612,ID-SNI-634-5-L,2n,22.5 mo,AN16CUK001604,SNI-634,,5L,AS-399582-LR-46507,5,L,N712-S508
CM1613,ID-SNI-634-5-M,4n,22.5 mo,AN16CUK001604,SNI-634,,5M,AS-399584-LR-46507,5,M,N711-S510
CM1614,ID-SNI-634-5-N,4n,22.5 mo,AN16CUK001604,SNI-634,,5N,AS-399586-LR-46507,5,N,N712-S510
CM1615,ID-SNI-634-5-O,4n,22.5 mo,AN16CUK001604,SNI-634,,5O,AS-399588-LR-46507,5,O,N711-S511
CM1616,ID-SNI-634-5-P,4n,22.5 mo,AN16CUK001604,SNI-634,,5P,AS-399590-LR-46507,5,P,N712-S511
CM1617,ID-SNI-634-6-A,2n,3 mo,AN18CUK011304,SNI-634,,6A,AS-399592-LR-46507,6,A,N714-S502
CM1618,ID-SNI-634-6-B,2n,3 mo,AN18CUK011304,SNI-634,,6B,AS-399594-LR-46507,6,B,N715-S502
CM1619,ID-SNI-634-6-C,2n,3 mo,AN18CUK011304,SNI-634,,6C,AS-399596-LR-46507,6,C,N714-S503
CM1620,ID-SNI-634-6-D,2n,3 mo,AN18CUK011304,SNI-634,,6D,AS-399598-LR-46507,6,D,N715-S503
CM1621,ID-SNI-634-6-E,4n,3 mo,AN18CUK011304,SNI-634,,6E,AS-399600-LR-46507,6,E,N714-S505
CM1622,ID-SNI-634-6-F,4n,3 mo,AN18CUK011304,SNI-634,,6F,AS-399602-LR-46507,6,F,N715-S505
CM1623,ID-SNI-634-6-G,4n,3 mo,AN18CUK011304,SNI-634,,6G,AS-399604-LR-46507,6,G,N714-S506
CM1624,ID-SNI-634-6-H,4n,3 mo,AN18CUK011304,SNI-634,,6H,AS-399606-LR-46507,6,H,N715-S506
CM1625,ID-SNI-634-6-I,2n,22.5 mo,AN16CUK001604,SNI-634,,6I,AS-399608-LR-46507,6,I,N714-S507
CM1626,ID-SNI-634-6-J,2n,22.5 mo,AN16CUK001604,SNI-634,,6J,AS-399610-LR-46507,6,J,N715-S507
CM1627,ID-SNI-634-6-K,2n,22.5 mo,AN16CUK001604,SNI-634,,6K,AS-399612-LR-46507,6,K,N714-S508
CM1628,ID-SNI-634-6-L,2n,22.5 mo,AN16CUK001604,SNI-634,,6L,AS-399614-LR-46507,6,L,N715-S508
CM1629,ID-SNI-634-6-M,4n,22.5 mo,AN16CUK001604,SNI-634,,6M,AS-399616-LR-46507,6,M,N714-S510
CM1630,ID-SNI-634-6-N,4n,22.5 mo,AN16CUK001604,SNI-634,,6N,AS-399618-LR-46507,6,N,N715-S510
CM1631,ID-SNI-634-6-O,4n,22.5 mo,AN16CUK001604,SNI-634,,6O,AS-399620-LR-46507,6,O,N714-S511
CM1632,ID-SNI-634-6-P,4n,22.5 mo,AN16CUK001604,SNI-634,,6P,AS-399622-LR-46507,6,P,N715-S511
CM1633,ID-SNI-634-7-A,2n,3 mo,AN18CUK011304,SNI-634,,7A,AS-399624-LR-46507,7,A,N716-S502
CM1634,ID-SNI-634-7-B,2n,3 mo,AN18CUK011304,SNI-634,,7B,AS-399626-LR-46507,7,B,N718-S502
CM1635,ID-SNI-634-7-C,2n,3 mo,AN18CUK011304,SNI-634,,7C,AS-399628-LR-46507,7,C,N716-S503
CM1636,ID-SNI-634-7-D,2n,3 mo,AN18CUK011304,SNI-634,,7D,AS-399630-LR-46507,7,D,N718-S503
CM1637,ID-SNI-634-7-E,4n,3 mo,AN18CUK011304,SNI-634,,7E,AS-399632-LR-46507,7,E,N716-S505
CM1638,ID-SNI-634-7-F,4n,3 mo,AN18CUK011304,SNI-634,,7F,AS-399634-LR-46507,7,F,N718-S505
CM1639,ID-SNI-634-7-G,4n,3 mo,AN18CUK011304,SNI-634,,7G,AS-399636-LR-46507,7,G,N716-S506
CM1640,ID-SNI-634-7-H,4n,3 mo,AN18CUK011304,SNI-634,,7H,AS-399638-LR-46507,7,H,N718-S506
CM1641,ID-SNI-634-7-I,2n,22.5 mo,AN16CUK001604,SNI-634,,7I,AS-399640-LR-46507,7,I,N716-S507
CM1642,ID-SNI-634-7-J,2n,22.5 mo,AN16CUK001604,SNI-634,,7J,AS-399642-LR-46507,7,J,N718-S507
CM1643,ID-SNI-634-7-K,2n,22.5 mo,AN16CUK001604,SNI-634,,7K,AS-399644-LR-46507,7,K,N716-S508
CM1644,ID-SNI-634-7-L,2n,22.5 mo,AN16CUK001604,SNI-634,,7L,AS-399646-LR-46507,7,L,N718-S508
CM1645,ID-SNI-634-7-M,4n,22.5 mo,AN16CUK001604,SNI-634,,7M,AS-399648-LR-46507,7,M,N716-S510
CM1646,ID-SNI-634-7-N,4n,22.5 mo,AN16CUK001604,SNI-634,,7N,AS-399650-LR-46507,7,N,N718-S510
CM1647,ID-SNI-634-7-O,4n,22.5 mo,AN16CUK001604,SNI-634,,7O,AS-399652-LR-46507,7,O,N716-S511
CM1648,ID-SNI-634-7-P,4n,22.5 mo,AN16CUK001604,SNI-634,,7P,AS-399654-LR-46507,7,P,N718-S511
CM1649,ID-SNI-634-8-A,2n,3 mo,AN18CUK011304,SNI-634,,8A,AS-399656-LR-46507,8,A,N719-S502
CM1650,ID-SNI-634-8-B,2n,3 mo,AN18CUK011304,SNI-634,,8B,AS-399658-LR-46507,8,B,N720-S502
CM1651,ID-SNI-634-8-C,2n,3 mo,AN18CUK011304,SNI-634,,8C,AS-399660-LR-46507,8,C,N719-S503
CM1652,ID-SNI-634-8-D,2n,3 mo,AN18CUK011304,SNI-634,,8D,AS-399662-LR-46507,8,D,N720-S503
CM1653,ID-SNI-634-8-E,4n,3 mo,AN18CUK011304,SNI-634,,8E,AS-399664-LR-46507,8,E,N719-S505
CM1654,ID-SNI-634-8-F,4n,3 mo,AN18CUK011304,SNI-634,,8F,AS-399666-LR-46507,8,F,N720-S505
CM1655,ID-SNI-634-8-G,4n,3 mo,AN18CUK011304,SNI-634,,8G,AS-399668-LR-46507,8,G,N719-S506
CM1656,ID-SNI-634-8-H,4n,3 mo,AN18CUK011304,SNI-634,,8H,AS-399670-LR-46507,8,H,N720-S506
CM1657,ID-SNI-634-8-I,2n,22.5 mo,AN16CUK001604,SNI-634,,8I,AS-399672-LR-46507,8,I,N719-S507
CM1658,ID-SNI-634-8-J,2n,22.5 mo,AN16CUK001604,SNI-634,,8J,AS-399674-LR-46507,8,J,N720-S507
CM1659,ID-SNI-634-8-K,2n,22.5 mo,AN16CUK001604,SNI-634,,8K,AS-399676-LR-46507,8,K,N719-S508
CM1660,ID-SNI-634-8-L,2n,22.5 mo,AN16CUK001604,SNI-634,,8L,AS-399678-LR-46507,8,L,N720-S508
CM1661,ID-SNI-634-8-M,4n,22.5 mo,AN16CUK001604,SNI-634,,8M,AS-399680-LR-46507,8,M,N719-S510
CM1662,ID-SNI-634-8-N,4n,22.5 mo,AN16CUK001604,SNI-634,,8N,AS-399682-LR-46507,8,N,N720-S510
CM1663,ID-SNI-634-8-O,4n,22.5 mo,AN16CUK001604,SNI-634,,8O,AS-399684-LR-46507,8,O,N719-S511
CM1664,ID-SNI-634-8-P,4n,22.5 mo,AN16CUK001604,SNI-634,,8P,AS-399686-LR-46507,8,P,N720-S511
CM1665,ID-SNI-634-9-A,2n,3 mo,AN18CUK011304,SNI-634,,9A,AS-399688-LR-46507,9,A,N721-S502
CM1666,ID-SNI-634-9-B,2n,3 mo,AN18CUK011304,SNI-634,,9B,AS-399690-LR-46507,9,B,N722-S502
CM1667,ID-SNI-634-9-C,2n,3 mo,AN18CUK011304,SNI-634,,9C,AS-399692-LR-46507,9,C,N721-S503
CM1668,ID-SNI-634-9-D,2n,3 mo,AN18CUK011304,SNI-634,,9D,AS-399694-LR-46507,9,D,N722-S503
CM1669,ID-SNI-634-9-E,4n,3 mo,AN18CUK011304,SNI-634,,9E,AS-399696-LR-46507,9,E,N721-S505
CM1670,ID-SNI-634-9-F,4n,3 mo,AN18CUK011304,SNI-634,,9F,AS-399698-LR-46507,9,F,N722-S505
CM1671,ID-SNI-634-9-G,4n,3 mo,AN18CUK011304,SNI-634,,9G,AS-399700-LR-46507,9,G,N721-S506
CM1672,ID-SNI-634-9-H,4n,3 mo,AN18CUK011304,SNI-634,,9H,AS-399702-LR-46507,9,H,N722-S506
CM1673,ID-SNI-634-9-I,2n,22.5 mo,AN16CUK001604,SNI-634,,9I,AS-399704-LR-46507,9,I,N721-S507
CM1674,ID-SNI-634-9-J,2n,22.5 mo,AN16CUK001604,SNI-634,,9J,AS-399706-LR-46507,9,J,N722-S507
CM1675,ID-SNI-634-9-K,2n,22.5 mo,AN16CUK001604,SNI-634,,9K,AS-399708-LR-46507,9,K,N721-S508
CM1676,ID-SNI-634-9-L,2n,22.5 mo,AN16CUK001604,SNI-634,,9L,AS-399710-LR-46507,9,L,N722-S508
CM1677,ID-SNI-634-9-M,4n,22.5 mo,AN16CUK001604,SNI-634,,9M,AS-399712-LR-46507,9,M,N721-S510
CM1678,ID-SNI-634-9-N,4n,22.5 mo,AN16CUK001604,SNI-634,,9N,AS-399714-LR-46507,9,N,N722-S510
CM1679,ID-SNI-634-9-O,4n,22.5 mo,AN16CUK001604,SNI-634,,9O,AS-399716-LR-46507,9,O,N721-S511
CM1680,ID-SNI-634-9-P,4n,22.5 mo,AN16CUK001604,SNI-634,,9P,AS-399718-LR-46507,9,P,N722-S511
CM1681,ID-SNI-634-10-A,2n,3 mo,AN18CUK011304,SNI-634,,10A,AS-399720-LR-46507,10,A,N723-S502
CM1682,ID-SNI-634-10-B,2n,3 mo,AN18CUK011304,SNI-634,,10B,AS-399722-LR-46507,10,B,N724-S502
CM1683,ID-SNI-634-10-C,2n,3 mo,AN18CUK011304,SNI-634,,10C,AS-399724-LR-46507,10,C,N723-S503
CM1684,ID-SNI-634-10-D,2n,3 mo,AN18CUK011304,SNI-634,,10D,AS-399726-LR-46507,10,D,N724-S503
CM1685,ID-SNI-634-10-E,4n,3 mo,AN18CUK011304,SNI-634,,10E,AS-399728-LR-46507,10,E,N723-S505
CM1686,ID-SNI-634-10-F,4n,3 mo,AN18CUK011304,SNI-634,,10F,AS-399730-LR-46507,10,F,N724-S505
CM1687,ID-SNI-634-10-G,4n,3 mo,AN18CUK011304,SNI-634,,10G,AS-399732-LR-46507,10,G,N723-S506
CM1688,ID-SNI-634-10-H,4n,3 mo,AN18CUK011304,SNI-634,,10H,AS-399734-LR-46507,10,H,N724-S506
CM1689,ID-SNI-634-10-I,2n,22.5 mo,AN16CUK001604,SNI-634,,10I,AS-399736-LR-46507,10,I,N723-S507
CM1690,ID-SNI-634-10-J,2n,22.5 mo,AN16CUK001604,SNI-634,,10J,AS-399738-LR-46507,10,J,N724-S507
CM1691,ID-SNI-634-10-K,2n,22.5 mo,AN16CUK001604,SNI-634,,10K,AS-399740-LR-46507,10,K,N723-S508
CM1692,ID-SNI-634-10-L,2n,22.5 mo,AN16CUK001604,SNI-634,,10L,AS-399742-LR-46507,10,L,N724-S508
CM1693,ID-SNI-634-10-M,4n,22.5 mo,AN16CUK001604,SNI-634,,10M,AS-399744-LR-46507,10,M,N723-S510
CM1694,ID-SNI-634-10-N,4n,22.5 mo,AN16CUK001604,SNI-634,,10N,AS-399746-LR-46507,10,N,N724-S510
CM1695,ID-SNI-634-10-O,4n,22.5 mo,AN16CUK001604,SNI-634,,10O,AS-399748-LR-46507,10,O,N723-S511
CM1696,ID-SNI-634-10-P,4n,22.5 mo,AN16CUK001604,SNI-634,,10P,AS-399750-LR-46507,10,P,N724-S511
CM1697,ID-SNI-634-11-A,2n,3 mo,AN18CUK011304,SNI-634,,11A,AS-399752-LR-46507,11,A,N726-S502
CM1698,ID-SNI-634-11-B,2n,3 mo,AN18CUK011304,SNI-634,,11B,AS-399754-LR-46507,11,B,N727-S502
CM1699,ID-SNI-634-11-C,2n,3 mo,AN18CUK011304,SNI-634,,11C,AS-399756-LR-46507,11,C,N726-S503
CM1700,ID-SNI-634-11-D,2n,3 mo,AN18CUK011304,SNI-634,,11D,AS-399758-LR-46507,11,D,N727-S503
CM1701,ID-SNI-634-11-E,4n,3 mo,AN18CUK011304,SNI-634,,11E,AS-399760-LR-46507,11,E,N726-S505
CM1702,ID-SNI-634-11-F,4n,3 mo,AN18CUK011304,SNI-634,,11F,AS-399762-LR-46507,11,F,N727-S505
CM1703,ID-SNI-634-11-G,4n,3 mo,AN18CUK011304,SNI-634,,11G,AS-399764-LR-46507,11,G,N726-S506
CM1704,ID-SNI-634-11-H,4n,3 mo,AN18CUK011304,SNI-634,,11H,AS-399766-LR-46507,11,H,N727-S506
CM1705,ID-SNI-634-11-I,2n,22.5 mo,AN16CUK001604,SNI-634,,11I,AS-399768-LR-46507,11,I,N726-S507
CM1706,ID-SNI-634-11-J,2n,22.5 mo,AN16CUK001604,SNI-634,,11J,AS-399770-LR-46507,11,J,N727-S507
CM1707,ID-SNI-634-11-K,2n,22.5 mo,AN16CUK001604,SNI-634,,11K,AS-399772-LR-46507,11,K,N726-S508
CM1708,ID-SNI-634-11-L,2n,22.5 mo,AN16CUK001604,SNI-634,,11L,AS-399774-LR-46507,11,L,N727-S508
CM1709,ID-SNI-634-11-M,4n,22.5 mo,AN16CUK001604,SNI-634,,11M,AS-399776-LR-46507,11,M,N726-S510
CM1710,ID-SNI-634-11-N,4n,22.5 mo,AN16CUK001604,SNI-634,,11N,AS-399778-LR-46507,11,N,N727-S510
CM1711,ID-SNI-634-11-O,4n,22.5 mo,AN16CUK001604,SNI-634,,11O,AS-399780-LR-46507,11,O,N726-S511
CM1712,ID-SNI-634-11-P,4n,22.5 mo,AN16CUK001604,SNI-634,,11P,AS-399782-LR-46507,11,P,N727-S511
CM1713,ID-SNI-634-12-A,2n,3 mo,AN18CUK011304,SNI-634,,12A,AS-399784-LR-46507,12,A,N728-S502
CM1714,ID-SNI-634-12-B,2n,3 mo,AN18CUK011304,SNI-634,,12B,AS-399786-LR-46507,12,B,N729-S502
CM1715,ID-SNI-634-12-C,2n,3 mo,AN18CUK011304,SNI-634,,12C,AS-399788-LR-46507,12,C,N728-S503
CM1716,ID-SNI-634-12-D,2n,3 mo,AN18CUK011304,SNI-634,,12D,AS-399790-LR-46507,12,D,N729-S503
CM1717,ID-SNI-634-12-E,4n,3 mo,AN18CUK011304,SNI-634,,12E,AS-399792-LR-46507,12,E,N728-S505
CM1718,ID-SNI-634-12-F,4n,3 mo,AN18CUK011304,SNI-634,,12F,AS-399794-LR-46507,12,F,N729-S505
CM1719,ID-SNI-634-12-G,4n,3 mo,AN18CUK011304,SNI-634,,12G,AS-399796-LR-46507,12,G,N728-S506
CM1720,ID-SNI-634-12-H,4n,3 mo,AN18CUK011304,SNI-634,,12H,AS-399798-LR-46507,12,H,N729-S506
CM1721,ID-SNI-634-12-I,2n,22.5 mo,AN16CUK001604,SNI-634,,12I,AS-399800-LR-46507,12,I,N728-S507
CM1722,ID-SNI-634-12-J,2n,22.5 mo,AN16CUK001604,SNI-634,,12J,AS-399802-LR-46507,12,J,N729-S507
CM1723,ID-SNI-634-12-K,2n,22.5 mo,AN16CUK001604,SNI-634,,12K,AS-399804-LR-46507,12,K,N728-S508
CM1724,ID-SNI-634-12-L,2n,22.5 mo,AN16CUK001604,SNI-634,,12L,AS-399806-LR-46507,12,L,N729-S508
CM1725,ID-SNI-634-12-M,4n,22.5 mo,AN16CUK001604,SNI-634,,12M,AS-399808-LR-46507,12,M,N728-S510
CM1726,ID-SNI-634-12-N,4n,22.5 mo,AN16CUK001604,SNI-634,,12N,AS-399810-LR-46507,12,N,N729-S510
CM1727,ID-SNI-634-12-O,4n,22.5 mo,AN16CUK001604,SNI-634,,12O,AS-399812-LR-46507,12,O,N728-S511
CM1728,ID-SNI-634-12-P,4n,22.5 mo,AN16CUK001604,SNI-634,,12P,AS-399814-LR-46507,12,P,N729-S511
CM1729,ID-SNI-634-13-A,2n,3 mo,AN18CUK011304,SNI-634,,13A,AS-399816-LR-46507,13,A,N701-S513
CM1730,ID-SNI-634-13-B,2n,3 mo,AN18CUK011304,SNI-634,,13B,AS-399818-LR-46507,13,B,N702-S513
CM1731,ID-SNI-634-13-C,2n,3 mo,AN18CUK011304,SNI-634,,13C,AS-399820-LR-46507,13,C,N701-S515
CM1732,ID-SNI-634-13-D,2n,3 mo,AN18CUK011304,SNI-634,,13D,AS-399822-LR-46507,13,D,N702-S515
CM1733,ID-SNI-634-13-E,4n,3 mo,AN18CUK011304,SNI-634,,13E,AS-399824-LR-46507,13,E,N701-S516
CM1734,ID-SNI-634-13-F,4n,3 mo,AN18CUK011304,SNI-634,,13F,AS-399826-LR-46507,13,F,N702-S516
CM1735,ID-SNI-634-13-G,4n,3 mo,AN18CUK011304,SNI-634,,13G,AS-399828-LR-46507,13,G,N701-S517
CM1736,ID-SNI-634-13-H,4n,3 mo,AN18CUK011304,SNI-634,,13H,AS-399830-LR-46507,13,H,N702-S517
CM1737,ID-SNI-634-13-I,2n,22.5 mo,AN16CUK001604,SNI-634,,13I,AS-399832-LR-46507,13,I,N701-S518
CM1738,ID-SNI-634-13-J,2n,22.5 mo,AN16CUK001604,SNI-634,,13J,AS-399834-LR-46507,13,J,N702-S518
CM1739,ID-SNI-634-13-K,2n,22.5 mo,AN16CUK001604,SNI-634,,13K,AS-399836-LR-46507,13,K,N701-S520
CM1740,ID-SNI-634-13-L,2n,22.5 mo,AN16CUK001604,SNI-634,,13L,AS-399838-LR-46507,13,L,N702-S520
CM1741,ID-SNI-634-13-M,4n,22.5 mo,AN16CUK001604,SNI-634,,13M,AS-399840-LR-46507,13,M,N701-S521
CM1742,ID-SNI-634-13-N,4n,22.5 mo,AN16CUK001604,SNI-634,,13N,AS-399842-LR-46507,13,N,N702-S521
CM1743,ID-SNI-634-13-O,4n,22.5 mo,AN16CUK001604,SNI-634,,13O,AS-399844-LR-46507,13,O,N701-S522
CM1744,ID-SNI-634-13-P,4n,22.5 mo,AN16CUK001604,SNI-634,,13P,AS-399846-LR-46507,13,P,N702-S522
CM1745,ID-SNI-634-14-A,2n,3 mo,AN18CUK011304,SNI-634,,14A,AS-399848-LR-46507,14,A,N703-S513
CM1746,ID-SNI-634-14-B,2n,3 mo,AN18CUK011304,SNI-634,,14B,AS-399850-LR-46507,14,B,N704-S513
CM1747,ID-SNI-634-14-C,2n,3 mo,AN18CUK011304,SNI-634,,14C,AS-399852-LR-46507,14,C,N703-S515
CM1748,ID-SNI-634-14-D,2n,3 mo,AN18CUK011304,SNI-634,,14D,AS-399854-LR-46507,14,D,N704-S515
CM1749,ID-SNI-634-14-E,4n,3 mo,AN18CUK011304,SNI-634,,14E,AS-399856-LR-46507,14,E,N703-S516
CM1750,ID-SNI-634-14-F,4n,3 mo,AN18CUK011304,SNI-634,,14F,AS-399858-LR-46507,14,F,N704-S516
CM1751,ID-SNI-634-14-G,4n,3 mo,AN18CUK011304,SNI-634,,14G,AS-399860-LR-46507,14,G,N703-S517
CM1752,ID-SNI-634-14-H,4n,3 mo,AN18CUK011304,SNI-634,,14H,AS-399862-LR-46507,14,H,N704-S517
CM1753,ID-SNI-634-14-I,2n,22.5 mo,AN16CUK001604,SNI-634,,14I,AS-399864-LR-46507,14,I,N703-S518
CM1754,ID-SNI-634-14-J,2n,22.5 mo,AN16CUK001604,SNI-634,,14J,AS-399866-LR-46507,14,J,N704-S518
CM1755,ID-SNI-634-14-K,2n,22.5 mo,AN16CUK001604,SNI-634,,14K,AS-399868-LR-46507,14,K,N703-S520
CM1756,ID-SNI-634-14-L,2n,22.5 mo,AN16CUK001604,SNI-634,,14L,AS-399870-LR-46507,14,L,N704-S520
CM1757,ID-SNI-634-14-M,4n,22.5 mo,AN16CUK001604,SNI-634,,14M,AS-399872-LR-46507,14,M,N703-S521
CM1758,ID-SNI-634-14-N,4n,22.5 mo,AN16CUK001604,SNI-634,,14N,AS-399874-LR-46507,14,N,N704-S521
CM1759,ID-SNI-634-14-O,4n,22.5 mo,AN16CUK001604,SNI-634,,14O,AS-399876-LR-46507,14,O,N703-S522
CM1760,ID-SNI-634-14-P,4n,22.5 mo,AN16CUK001604,SNI-634,,14P,AS-399878-LR-46507,14,P,N704-S522
CM1761,ID-SNI-634-15-A,2n,3 mo,AN18CUK011304,SNI-634,,15A,AS-399880-LR-46507,15,A,N705-S513
CM1762,ID-SNI-634-15-B,2n,3 mo,AN18CUK011304,SNI-634,,15B,AS-399882-LR-46507,15,B,N706-S513
CM1763,ID-SNI-634-15-C,2n,3 mo,AN18CUK011304,SNI-634,,15C,AS-399884-LR-46507,15,C,N705-S515
CM1764,ID-SNI-634-15-D,2n,3 mo,AN18CUK011304,SNI-634,,15D,AS-399886-LR-46507,15,D,N706-S515
CM1765,ID-SNI-634-15-E,4n,3 mo,AN18CUK011304,SNI-634,,15E,AS-399888-LR-46507,15,E,N705-S516
CM1766,ID-SNI-634-15-F,4n,3 mo,AN18CUK011304,SNI-634,,15F,AS-399890-LR-46507,15,F,N706-S516
CM1767,ID-SNI-634-15-G,4n,3 mo,AN18CUK011304,SNI-634,,15G,AS-399892-LR-46507,15,G,N705-S517
CM1768,ID-SNI-634-15-H,4n,3 mo,AN18CUK011304,SNI-634,,15H,AS-399894-LR-46507,15,H,N706-S517
CM1769,ID-SNI-634-15-I,2n,22.5 mo,AN16CUK001604,SNI-634,,15I,AS-399896-LR-46507,15,I,N705-S518
CM1770,ID-SNI-634-15-J,2n,22.5 mo,AN16CUK001604,SNI-634,,15J,AS-399898-LR-46507,15,J,N706-S518
CM1771,ID-SNI-634-15-K,2n,22.5 mo,AN16CUK001604,SNI-634,,15K,AS-399900-LR-46507,15,K,N705-S520
CM1772,ID-SNI-634-15-L,2n,22.5 mo,AN16CUK001604,SNI-634,,15L,AS-399902-LR-46507,15,L,N706-S520
CM1773,ID-SNI-634-15-M,4n,22.5 mo,AN16CUK001604,SNI-634,,15M,AS-399904-LR-46507,15,M,N705-S521
CM1774,ID-SNI-634-15-N,4n,22.5 mo,AN16CUK001604,SNI-634,,15N,AS-399906-LR-46507,15,N,N706-S521
CM1775,ID-SNI-634-15-O,4n,22.5 mo,AN16CUK001604,SNI-634,,15O,AS-399908-LR-46507,15,O,N705-S522
CM1776,ID-SNI-634-15-P,4n,22.5 mo,AN16CUK001604,SNI-634,,15P,AS-399910-LR-46507,15,P,N706-S522
CM1777,ID-SNI-634-16-A,2n,3 mo,AN18CUK011304,SNI-634,,16A,AS-399912-LR-46507,16,A,N707-S513
CM1778,ID-SNI-634-16-B,2n,3 mo,AN18CUK011304,SNI-634,,16B,AS-399914-LR-46507,16,B,N710-S513
CM1779,ID-SNI-634-16-C,2n,3 mo,AN18CUK011304,SNI-634,,16C,AS-399916-LR-46507,16,C,N707-S515
CM1780,ID-SNI-634-16-D,2n,3 mo,AN18CUK011304,SNI-634,,16D,AS-399918-LR-46507,16,D,N710-S515
CM1781,ID-SNI-634-16-E,4n,3 mo,AN18CUK011304,SNI-634,,16E,AS-399920-LR-46507,16,E,N707-S516
CM1782,ID-SNI-634-16-F,4n,3 mo,AN18CUK011304,SNI-634,,16F,AS-399922-LR-46507,16,F,N710-S516
CM1783,ID-SNI-634-16-G,4n,3 mo,AN18CUK011304,SNI-634,,16G,AS-399924-LR-46507,16,G,N707-S517
CM1784,ID-SNI-634-16-H,4n,3 mo,AN18CUK011304,SNI-634,,16H,AS-399926-LR-46507,16,H,N710-S517
CM1785,ID-SNI-634-16-I,2n,22.5 mo,AN16CUK001604,SNI-634,,16I,AS-399928-LR-46507,16,I,N707-S518
CM1786,ID-SNI-634-16-J,2n,22.5 mo,AN16CUK001604,SNI-634,,16J,AS-399930-LR-46507,16,J,N710-S518
CM1787,ID-SNI-634-16-K,2n,22.5 mo,AN16CUK001604,SNI-634,,16K,AS-399932-LR-46507,16,K,N707-S520
CM1788,ID-SNI-634-16-L,2n,22.5 mo,AN16CUK001604,SNI-634,,16L,AS-399934-LR-46507,16,L,N710-S520
CM1789,ID-SNI-634-16-M,4n,22.5 mo,AN16CUK001604,SNI-634,,16M,AS-399936-LR-46507,16,M,N707-S521
CM1790,ID-SNI-634-16-N,4n,22.5 mo,AN16CUK001604,SNI-634,,16N,AS-399938-LR-46507,16,N,N710-S521
CM1791,ID-SNI-634-16-O,4n,22.5 mo,AN16CUK001604,SNI-634,,16O,AS-399940-LR-46507,16,O,N707-S522
CM1792,ID-SNI-634-16-P,4n,22.5 mo,AN16CUK001604,SNI-634,,16P,AS-399942-LR-46507,16,P,N710-S522
CM1793,ID-SNI-634-17-A,2n,3 mo,AN18CUK011304,SNI-634,,17A,AS-399944-LR-46507,17,A,N711-S513
CM1794,ID-SNI-634-17-B,2n,3 mo,AN18CUK011304,SNI-634,,17B,AS-399946-LR-46507,17,B,N712-S513
CM1795,ID-SNI-634-17-C,2n,3 mo,AN18CUK011304,SNI-634,,17C,AS-399948-LR-46507,17,C,N711-S515
CM1796,ID-SNI-634-17-D,2n,3 mo,AN18CUK011304,SNI-634,,17D,AS-399950-LR-46507,17,D,N712-S515
CM1797,ID-SNI-634-17-E,4n,3 mo,AN18CUK011304,SNI-634,,17E,AS-399952-LR-46507,17,E,N711-S516
CM1798,ID-SNI-634-17-F,4n,3 mo,AN18CUK011304,SNI-634,,17F,AS-399954-LR-46507,17,F,N712-S516
CM1799,ID-SNI-634-17-G,4n,3 mo,AN18CUK011304,SNI-634,,17G,AS-399956-LR-46507,17,G,N711-S517
CM1800,ID-SNI-634-17-H,4n,3 mo,AN18CUK011304,SNI-634,,17H,AS-399958-LR-46507,17,H,N712-S517
CM1801,ID-SNI-634-17-I,2n,22.5 mo,AN16CUK001604,SNI-634,,17I,AS-399960-LR-46507,17,I,N711-S518
CM1802,ID-SNI-634-17-J,2n,22.5 mo,AN16CUK001604,SNI-634,,17J,AS-399962-LR-46507,17,J,N712-S518
CM1803,ID-SNI-634-17-K,2n,22.5 mo,AN16CUK001604,SNI-634,,17K,AS-399964-LR-46507,17,K,N711-S520
CM1804,ID-SNI-634-17-L,2n,22.5 mo,AN16CUK001604,SNI-634,,17L,AS-399966-LR-46507,17,L,N712-S520
CM1805,ID-SNI-634-17-M,4n,22.5 mo,AN16CUK001604,SNI-634,,17M,AS-399968-LR-46507,17,M,N711-S521
CM1806,ID-SNI-634-17-N,4n,22.5 mo,AN16CUK001604,SNI-634,,17N,AS-399970-LR-46507,17,N,N712-S521
CM1807,ID-SNI-634-17-O,4n,22.5 mo,AN16CUK001604,SNI-634,,17O,AS-399972-LR-46507,17,O,N711-S522
CM1808,ID-SNI-634-17-P,4n,22.5 mo,AN16CUK001604,SNI-634,,17P,AS-399974-LR-46507,17,P,N712-S522
CM1809,ID-SNI-634-18-A,2n,3 mo,AN18CUK011304,SNI-634,,18A,AS-399976-LR-46507,18,A,N714-S513
CM1810,ID-SNI-634-18-B,2n,3 mo,AN18CUK011304,SNI-634,,18B,AS-399978-LR-46507,18,B,N715-S513
CM1811,ID-SNI-634-18-C,2n,3 mo,AN18CUK011304,SNI-634,,18C,AS-399980-LR-46507,18,C,N714-S515
CM1812,ID-SNI-634-18-D,2n,3 mo,AN18CUK011304,SNI-634,,18D,AS-399982-LR-46507,18,D,N715-S515
CM1813,ID-SNI-634-18-E,4n,3 mo,AN18CUK011304,SNI-634,,18E,AS-399984-LR-46507,18,E,N714-S516
CM1814,ID-SNI-634-18-F,4n,3 mo,AN18CUK011304,SNI-634,,18F,AS-399986-LR-46507,18,F,N715-S516
CM1815,ID-SNI-634-18-G,4n,3 mo,AN18CUK011304,SNI-634,,18G,AS-399988-LR-46507,18,G,N714-S517
CM1816,ID-SNI-634-18-H,4n,3 mo,AN18CUK011304,SNI-634,,18H,AS-399990-LR-46507,18,H,N715-S517
CM1817,ID-SNI-634-18-I,2n,22.5 mo,AN16CUK001604,SNI-634,,18I,AS-399992-LR-46507,18,I,N714-S518
CM1818,ID-SNI-634-18-J,2n,22.5 mo,AN16CUK001604,SNI-634,,18J,AS-399994-LR-46507,18,J,N715-S518
CM1819,ID-SNI-634-18-K,2n,22.5 mo,AN16CUK001604,SNI-634,,18K,AS-399996-LR-46507,18,K,N714-S520
CM1820,ID-SNI-634-18-L,2n,22.5 mo,AN16CUK001604,SNI-634,,18L,AS-399998-LR-46507,18,L,N715-S520
CM1821,ID-SNI-634-18-M,4n,22.5 mo,AN16CUK001604,SNI-634,,18M,AS-400000-LR-46507,18,M,N714-S521
CM1822,ID-SNI-634-18-N,4n,22.5 mo,AN16CUK001604,SNI-634,,18N,AS-400002-LR-46507,18,N,N715-S521
CM1823,ID-SNI-634-18-O,4n,22.5 mo,AN16CUK001604,SNI-634,,18O,AS-400004-LR-46507,18,O,N714-S522
CM1824,ID-SNI-634-18-P,4n,22.5 mo,AN16CUK001604,SNI-634,,18P,AS-400006-LR-46507,18,P,N715-S522
CM1825,ID-SNI-634-19-A,2n,3 mo,AN18CUK011304,SNI-634,,19A,AS-400008-LR-46507,19,A,N716-S513
CM1826,ID-SNI-634-19-B,2n,3 mo,AN18CUK011304,SNI-634,,19B,AS-400010-LR-46507,19,B,N718-S513
CM1827,ID-SNI-634-19-C,2n,3 mo,AN18CUK011304,SNI-634,,19C,AS-400012-LR-46507,19,C,N716-S515
CM1828,ID-SNI-634-19-D,2n,3 mo,AN18CUK011304,SNI-634,,19D,AS-400014-LR-46507,19,D,N718-S515
CM1829,ID-SNI-634-19-E,4n,3 mo,AN18CUK011304,SNI-634,,19E,AS-400016-LR-46507,19,E,N716-S516
CM1830,ID-SNI-634-19-F,4n,3 mo,AN18CUK011304,SNI-634,,19F,AS-400018-LR-46507,19,F,N718-S516
CM1831,ID-SNI-634-19-G,4n,3 mo,AN18CUK011304,SNI-634,,19G,AS-400020-LR-46507,19,G,N716-S517
CM1832,ID-SNI-634-19-H,4n,3 mo,AN18CUK011304,SNI-634,,19H,AS-400022-LR-46507,19,H,N718-S517
CM1833,ID-SNI-634-19-I,2n,22.5 mo,AN16CUK001604,SNI-634,,19I,AS-400024-LR-46507,19,I,N716-S518
CM1834,ID-SNI-634-19-J,2n,22.5 mo,AN16CUK001604,SNI-634,,19J,AS-400026-LR-46507,19,J,N718-S518
CM1835,ID-SNI-634-19-K,2n,22.5 mo,AN16CUK001604,SNI-634,,19K,AS-400028-LR-46507,19,K,N716-S520
CM1836,ID-SNI-634-19-L,2n,22.5 mo,AN16CUK001604,SNI-634,,19L,AS-400030-LR-46507,19,L,N718-S520
CM1837,ID-SNI-634-19-M,4n,22.5 mo,AN16CUK001604,SNI-634,,19M,AS-400032-LR-46507,19,M,N716-S521
CM1838,ID-SNI-634-19-N,4n,22.5 mo,AN16CUK001604,SNI-634,,19N,AS-400034-LR-46507,19,N,N718-S521
CM1839,ID-SNI-634-19-O,4n,22.5 mo,AN16CUK001604,SNI-634,,19O,AS-400036-LR-46507,19,O,N716-S522
CM1840,ID-SNI-634-19-P,4n,22.5 mo,AN16CUK001604,SNI-634,,19P,AS-400038-LR-46507,19,P,N718-S522
CM1841,ID-SNI-634-20-A,2n,3 mo,AN18CUK011304,SNI-634,,20A,AS-400040-LR-46507,20,A,N719-S513
CM1842,ID-SNI-634-20-B,2n,3 mo,AN18CUK011304,SNI-634,,20B,AS-400042-LR-46507,20,B,N720-S513
CM1843,ID-SNI-634-20-C,2n,3 mo,AN18CUK011304,SNI-634,,20C,AS-400044-LR-46507,20,C,N719-S515
CM1844,ID-SNI-634-20-D,2n,3 mo,AN18CUK011304,SNI-634,,20D,AS-400046-LR-46507,20,D,N720-S515
CM1845,ID-SNI-634-20-E,4n,3 mo,AN18CUK011304,SNI-634,,20E,AS-400048-LR-46507,20,E,N719-S516
CM1846,ID-SNI-634-20-F,4n,3 mo,AN18CUK011304,SNI-634,,20F,AS-400050-LR-46507,20,F,N720-S516
CM1847,ID-SNI-634-20-G,4n,3 mo,AN18CUK011304,SNI-634,,20G,AS-400052-LR-46507,20,G,N719-S517
CM1848,ID-SNI-634-20-H,4n,3 mo,AN18CUK011304,SNI-634,,20H,AS-400054-LR-46507,20,H,N720-S517
CM1849,ID-SNI-634-20-I,2n,22.5 mo,AN16CUK001604,SNI-634,,20I,AS-400056-LR-46507,20,I,N719-S518
CM1850,ID-SNI-634-20-J,2n,22.5 mo,AN16CUK001604,SNI-634,,20J,AS-400058-LR-46507,20,J,N720-S518
CM1851,ID-SNI-634-20-K,2n,22.5 mo,AN16CUK001604,SNI-634,,20K,AS-400060-LR-46507,20,K,N719-S520
CM1852,ID-SNI-634-820-L,2n,22.5 mo,AN16CUK001604,SNI-634,,20L,AS-400062-LR-46507,20,L,N720-S520
CM1853,ID-SNI-634-20-M,4n,22.5 mo,AN16CUK001604,SNI-634,,20M,AS-400064-LR-46507,20,M,N719-S521
CM1854,ID-SNI-634-20-N,4n,22.5 mo,AN16CUK001604,SNI-634,,20N,AS-400066-LR-46507,20,N,N720-S521
CM1855,ID-SNI-634-20-O,4n,22.5 mo,AN16CUK001604,SNI-634,,20O,AS-400068-LR-46507,20,O,N719-S522
CM1856,ID-SNI-634-20-P,4n,22.5 mo,AN16CUK001604,SNI-634,,20P,AS-400070-LR-46507,20,P,N720-S522
CM1857,ID-SNI-634-21-A,2n,3 mo,AN18CUK011304,SNI-634,,21A,AS-400072-LR-46507,21,A,N721-S513
CM1858,ID-SNI-634-21-B,2n,3 mo,AN18CUK011304,SNI-634,,21B,AS-400074-LR-46507,21,B,N722-S513
CM1859,ID-SNI-634-21-C,2n,3 mo,AN18CUK011304,SNI-634,,21C,AS-400076-LR-46507,21,C,N721-S515
CM1860,ID-SNI-634-21-D,2n,3 mo,AN18CUK011304,SNI-634,,21D,AS-400078-LR-46507,21,D,N722-S515
CM1861,ID-SNI-634-21-E,4n,3 mo,AN18CUK011304,SNI-634,,21E,AS-400080-LR-46507,21,E,N721-S516
CM1862,ID-SNI-634-21-F,4n,3 mo,AN18CUK011304,SNI-634,,21F,AS-400082-LR-46507,21,F,N722-S516
CM1863,ID-SNI-634-21-G,4n,3 mo,AN18CUK011304,SNI-634,,21G,AS-400084-LR-46507,21,G,N721-S517
CM1864,ID-SNI-634-21-H,4n,3 mo,AN18CUK011304,SNI-634,,21H,AS-400086-LR-46507,21,H,N722-S517
CM1865,ID-SNI-634-21-I,2n,22.5 mo,AN16CUK001604,SNI-634,,21I,AS-400088-LR-46507,21,I,N721-S518
CM1866,ID-SNI-634-21-J,2n,22.5 mo,AN16CUK001604,SNI-634,,21J,AS-400090-LR-46507,21,J,N722-S518
CM1867,ID-SNI-634-21-K,2n,22.5 mo,AN16CUK001604,SNI-634,,21K,AS-400092-LR-46507,21,K,N721-S520
CM1868,ID-SNI-634-21-L,2n,22.5 mo,AN16CUK001604,SNI-634,,21L,AS-400094-LR-46507,21,L,N722-S520
CM1869,ID-SNI-634-21-M,4n,22.5 mo,AN16CUK001604,SNI-634,,21M,AS-400096-LR-46507,21,M,N721-S521
CM1870,ID-SNI-634-21-N,4n,22.5 mo,AN16CUK001604,SNI-634,,21N,AS-400098-LR-46507,21,N,N722-S521
CM1871,ID-SNI-634-21-O,4n,22.5 mo,AN16CUK001604,SNI-634,,21O,AS-400100-LR-46507,21,O,N721-S522
CM1872,ID-SNI-634-21-P,4n,22.5 mo,AN16CUK001604,SNI-634,,21P,AS-400102-LR-46507,21,P,N722-S522
CM1873,ID-SNI-634-22-A,2n,3 mo,AN18CUK011304,SNI-634,,22A,AS-400104-LR-46507,22,A,N723-S513
CM1874,ID-SNI-634-22-B,2n,3 mo,AN18CUK011304,SNI-634,,22B,AS-400106-LR-46507,22,B,N724-S513
CM1875,ID-SNI-634-22-C,2n,3 mo,AN18CUK011304,SNI-634,,22C,AS-400108-LR-46507,22,C,N723-S515
CM1876,ID-SNI-634-22-D,2n,3 mo,AN18CUK011304,SNI-634,,22D,AS-400110-LR-46507,22,D,N724-S515
CM1877,ID-SNI-634-22-E,4n,3 mo,AN18CUK011304,SNI-634,,22E,AS-400112-LR-46507,22,E,N723-S516
CM1878,ID-SNI-634-22-F,4n,3 mo,AN18CUK011304,SNI-634,,22F,AS-400114-LR-46507,22,F,N724-S516
CM1879,ID-SNI-634-22-G,4n,3 mo,AN18CUK011304,SNI-634,,22G,AS-400116-LR-46507,22,G,N723-S517
CM1880,ID-SNI-634-22-H,4n,3 mo,AN18CUK011304,SNI-634,,22H,AS-400118-LR-46507,22,H,N724-S517
CM1881,ID-SNI-634-22-I,2n,22.5 mo,AN16CUK001604,SNI-634,,22I,AS-400120-LR-46507,22,I,N723-S518
CM1882,ID-SNI-634-22-J,2n,22.5 mo,AN16CUK001604,SNI-634,,22J,AS-400122-LR-46507,22,J,N724-S518
CM1883,ID-SNI-634-22-K,2n,22.5 mo,AN16CUK001604,SNI-634,,22K,AS-400124-LR-46507,22,K,N723-S520
CM1884,ID-SNI-634-22-L,2n,22.5 mo,AN16CUK001604,SNI-634,,22L,AS-400126-LR-46507,22,L,N724-S520
CM1885,ID-SNI-634-22-M,4n,22.5 mo,AN16CUK001604,SNI-634,,22M,AS-400128-LR-46507,22,M,N723-S521
CM1886,ID-SNI-634-22-N,4n,22.5 mo,AN16CUK001604,SNI-634,,22N,AS-400130-LR-46507,22,N,N724-S521
CM1887,ID-SNI-634-22-O,4n,22.5 mo,AN16CUK001604,SNI-634,,22O,AS-400132-LR-46507,22,O,N723-S522
CM1888,ID-SNI-634-22-P,4n,22.5 mo,AN16CUK001604,SNI-634,,22P,AS-400134-LR-46507,22,P,N724-S522
CM1889,ID-SNI-634-23-A,2n,3 mo,AN18CUK011304,SNI-634,,23A,AS-400136-LR-46507,23,A,N726-S513
CM1890,ID-SNI-634-23-B,2n,3 mo,AN18CUK011304,SNI-634,,23B,AS-400138-LR-46507,23,B,N727-S513
CM1891,ID-SNI-634-23-C,2n,3 mo,AN18CUK011304,SNI-634,,23C,AS-400140-LR-46507,23,C,N726-S515
CM1892,ID-SNI-634-23-D,2n,3 mo,AN18CUK011304,SNI-634,,23D,AS-400142-LR-46507,23,D,N727-S515
CM1893,ID-SNI-634-23-E,4n,3 mo,AN18CUK011304,SNI-634,,23E,AS-400144-LR-46507,23,E,N726-S516
CM1894,ID-SNI-634-23-F,4n,3 mo,AN18CUK011304,SNI-634,,23F,AS-400146-LR-46507,23,F,N727-S516
CM1895,ID-SNI-634-23-G,4n,3 mo,AN18CUK011304,SNI-634,,23G,AS-400148-LR-46507,23,G,N726-S517
CM1896,ID-SNI-634-23-H,4n,3 mo,AN18CUK011304,SNI-634,,23H,AS-400150-LR-46507,23,H,N727-S517
CM1897,ID-SNI-634-23-I,2n,22.5 mo,AN16CUK001604,SNI-634,,23I,AS-400152-LR-46507,23,I,N726-S518
CM1898,ID-SNI-634-23-J,2n,22.5 mo,AN16CUK001604,SNI-634,,23J,AS-400154-LR-46507,23,J,N727-S518
CM1899,ID-SNI-634-23-K,2n,22.5 mo,AN16CUK001604,SNI-634,,23K,AS-400156-LR-46507,23,K,N726-S520
CM1900,ID-SNI-634-23-L,2n,22.5 mo,AN16CUK001604,SNI-634,,23L,AS-400158-LR-46507,23,L,N727-S520
CM1901,ID-SNI-634-23-M,4n,22.5 mo,AN16CUK001604,SNI-634,,23M,AS-400160-LR-46507,23,M,N726-S521
CM1902,ID-SNI-634-23-N,4n,22.5 mo,AN16CUK001604,SNI-634,,23N,AS-400162-LR-46507,23,N,N727-S521
CM1903,ID-SNI-634-23-O,4n,22.5 mo,AN16CUK001604,SNI-634,,23O,AS-400164-LR-46507,23,O,N726-S522
CM1904,ID-SNI-634-23-P,4n,22.5 mo,AN16CUK001604,SNI-634,,23P,AS-400166-LR-46507,23,P,N727-S522
CM1905,ID-SNI-634-24-A,2n,3 mo,AN18CUK011304,SNI-634,,24A,AS-400168-LR-46507,24,A,N728-S513
CM1906,ID-SNI-634-24-B,2n,3 mo,AN18CUK011304,SNI-634,,24B,AS-400170-LR-46507,24,B,N729-S513
CM1907,ID-SNI-634-24-C,2n,3 mo,AN18CUK011304,SNI-634,,24C,AS-400172-LR-46507,24,C,N728-S515
CM1908,ID-SNI-634-24-D,2n,3 mo,AN18CUK011304,SNI-634,,24D,AS-400174-LR-46507,24,D,N729-S515
CM1909,ID-SNI-634-24-E,4n,3 mo,AN18CUK011304,SNI-634,,24E,AS-400176-LR-46507,24,E,N728-S516
CM1910,ID-SNI-634-24-F,4n,3 mo,AN18CUK011304,SNI-634,,24F,AS-400178-LR-46507,24,F,N729-S516
CM1911,ID-SNI-634-24-G,4n,3 mo,AN18CUK011304,SNI-634,,24G,AS-400180-LR-46507,24,G,N728-S517
CM1912,ID-SNI-634-24-H,4n,3 mo,AN18CUK011304,SNI-634,,24H,AS-400182-LR-46507,24,H,N729-S517
CM1913,ID-SNI-634-24-I,2n,22.5 mo,AN16CUK001604,SNI-634,,24I,AS-400184-LR-46507,24,I,N728-S518
CM1914,ID-SNI-634-24-J,2n,22.5 mo,AN16CUK001604,SNI-634,,24J,AS-400186-LR-46507,24,J,N729-S518
CM1915,ID-SNI-634-24-K,2n,22.5 mo,AN16CUK001604,SNI-634,,24K,AS-400188-LR-46507,24,K,N728-S520
CM1916,ID-SNI-634-24-L,2n,22.5 mo,AN16CUK001604,SNI-634,,24L,AS-400190-LR-46507,24,L,N729-S520
CM1917,ID-SNI-634-24-M,4n,22.5 mo,AN16CUK001604,SNI-634,,24M,AS-400192-LR-46507,24,M,N728-S521
CM1918,ID-SNI-634-24-N,4n,22.5 mo,AN16CUK001604,SNI-634,,24N,AS-400194-LR-46507,24,N,N729-S521
CM1919,ID-SNI-634-24-O,4n,22.5 mo,AN16CUK001604,SNI-634,,24O,AS-400196-LR-46507,24,O,N728-S522
CM1920,ID-SNI-634-24-P,4n,22.5 mo,AN16CUK001604,SNI-634,,24P,AS-400198-LR-46507,24,P,N729-S522
CM1921,ID-SNI-635-1-A,2n,3 mo,17/048228,SNI-635,,1A,,1,A,N701-S502
CM1922,ID-SNI-635-1-B,2n,3 mo,17/048228,SNI-635,,1B,,1,B,N702-S502
CM1923,ID-SNI-635-1-C,2n,3 mo,17/048228,SNI-635,,1C,,1,C,N701-S503
CM1924,ID-SNI-635-1-D,2n,3 mo,17/048228,SNI-635,,1D,,1,D,N702-S503
CM1925,ID-SNI-635-1-E,4n,3 mo,17/048228,SNI-635,,1E,,1,E,N701-S505
CM1926,ID-SNI-635-1-F,4n,3 mo,17/048228,SNI-635,,1F,,1,F,N702-S505
CM1927,ID-SNI-635-1-G,4n,3 mo,17/048228,SNI-635,,1G,,1,G,N701-S506
CM1928,ID-SNI-635-1-H,4n,3 mo,17/048228,SNI-635,,1H,,1,H,N702-S506
CM1929,ID-SNI-635-1-I,2n,22.5 mo,16/2097,SNI-635,,1I,,1,I,N701-S507
CM1930,ID-SNI-635-1-J,2n,22.5 mo,16/2097,SNI-635,,1J,,1,J,N702-S507
CM1931,ID-SNI-635-1-K,2n,22.5 mo,16/2097,SNI-635,,1K,,1,K,N701-S508
CM1932,ID-SNI-635-1-L,2n,22.5 mo,16/2097,SNI-635,,1L,,1,L,N702-S508
CM1933,ID-SNI-635-1-M,4n,22.5 mo,16/2097,SNI-635,,1M,,1,M,N701-S510
CM1934,ID-SNI-635-1-N,4n,22.5 mo,16/2097,SNI-635,,1N,,1,N,N702-S510
CM1935,ID-SNI-635-1-O,4n,22.5 mo,16/2097,SNI-635,,1O,,1,O,N701-S511
CM1936,ID-SNI-635-1-P,4n,22.5 mo,16/2097,SNI-635,,1P,,1,P,N702-S511
CM1937,ID-SNI-635-2-A,2n,3 mo,17/048228,SNI-635,,2A,,2,A,N703-S502
CM1938,ID-SNI-635-2-B,2n,3 mo,17/048228,SNI-635,,2B,,2,B,N704-S502
CM1939,ID-SNI-635-2-C,2n,3 mo,17/048228,SNI-635,,2C,,2,C,N703-S503
CM1940,ID-SNI-635-2-D,2n,3 mo,17/048228,SNI-635,,2D,,2,D,N704-S503
CM1941,ID-SNI-635-2-E,4n,3 mo,17/048228,SNI-635,,2E,,2,E,N703-S505
CM1942,ID-SNI-635-2-F,4n,3 mo,17/048228,SNI-635,,2F,,2,F,N704-S505
CM1943,ID-SNI-635-2-G,4n,3 mo,17/048228,SNI-635,,2G,,2,G,N703-S506
CM1944,ID-SNI-635-2-H,4n,3 mo,17/048228,SNI-635,,2H,,2,H,N704-S506
CM1945,ID-SNI-635-2-I,2n,22.5 mo,16/2097,SNI-635,,2I,,2,I,N703-S507
CM1946,ID-SNI-635-2-J,2n,22.5 mo,16/2097,SNI-635,,2J,,2,J,N704-S507
CM1947,ID-SNI-635-2-K,2n,22.5 mo,16/2097,SNI-635,,2K,,2,K,N703-S508
CM1948,ID-SNI-635-2-L,2n,22.5 mo,16/2097,SNI-635,,2L,,2,L,N704-S508
CM1949,ID-SNI-635-2-M,4n,22.5 mo,16/2097,SNI-635,,2M,,2,M,N703-S510
CM1950,ID-SNI-635-2-N,4n,22.5 mo,16/2097,SNI-635,,2N,,2,N,N704-S510
CM1951,ID-SNI-635-2-O,4n,22.5 mo,16/2097,SNI-635,,2O,,2,O,N703-S511
CM1952,ID-SNI-635-2-P,4n,22.5 mo,16/2097,SNI-635,,2P,,2,P,N704-S511
CM1953,ID-SNI-635-3-A,2n,3 mo,17/048228,SNI-635,,3A,,3,A,N705-S502
CM1954,ID-SNI-635-3-B,2n,3 mo,17/048228,SNI-635,,3B,,3,B,N706-S502
CM1955,ID-SNI-635-3-C,2n,3 mo,17/048228,SNI-635,,3C,,3,C,N705-S503
CM1956,ID-SNI-635-3-D,2n,3 mo,17/048228,SNI-635,,3D,,3,D,N706-S503
CM1957,ID-SNI-635-3-E,4n,3 mo,17/048228,SNI-635,,3E,,3,E,N705-S505
CM1958,ID-SNI-635-3-F,4n,3 mo,17/048228,SNI-635,,3F,,3,F,N706-S505
CM1959,ID-SNI-635-3-G,4n,3 mo,17/048228,SNI-635,,3G,,3,G,N705-S506
CM1960,ID-SNI-635-3-H,4n,3 mo,17/048228,SNI-635,,3H,,3,H,N706-S506
CM1961,ID-SNI-635-3-I,2n,22.5 mo,16/2097,SNI-635,,3I,,3,I,N705-S507
CM1962,ID-SNI-635-3-J,2n,22.5 mo,16/2097,SNI-635,,3J,,3,J,N706-S507
CM1963,ID-SNI-635-3-K,2n,22.5 mo,16/2097,SNI-635,,3K,,3,K,N705-S508
CM1964,ID-SNI-635-3-L,2n,22.5 mo,16/2097,SNI-635,,3L,,3,L,N706-S508
CM1965,ID-SNI-635-3-M,4n,22.5 mo,16/2097,SNI-635,,3M,,3,M,N705-S510
CM1966,ID-SNI-635-3-N,4n,22.5 mo,16/2097,SNI-635,,3N,,3,N,N706-S510
CM1967,ID-SNI-635-3-O,4n,22.5 mo,16/2097,SNI-635,,3O,,3,O,N705-S511
CM1968,ID-SNI-635-3-P,4n,22.5 mo,16/2097,SNI-635,,3P,,3,P,N706-S511
CM1969,ID-SNI-635-4-A,2n,3 mo,17/048228,SNI-635,,4A,,4,A,N707-S502
CM1970,ID-SNI-635-4-B,2n,3 mo,17/048228,SNI-635,,4B,,4,B,N710-S502
CM1971,ID-SNI-635-4-C,2n,3 mo,17/048228,SNI-635,,4C,,4,C,N707-S503
CM1972,ID-SNI-635-4-D,2n,3 mo,17/048228,SNI-635,,4D,,4,D,N710-S503
CM1973,ID-SNI-635-4-E,4n,3 mo,17/048228,SNI-635,,4E,,4,E,N707-S505
CM1974,ID-SNI-635-4-F,4n,3 mo,17/048228,SNI-635,,4F,,4,F,N710-S505
CM1975,ID-SNI-635-4-G,4n,3 mo,17/048228,SNI-635,,4G,,4,G,N707-S506
CM1976,ID-SNI-635-4-H,4n,3 mo,17/048228,SNI-635,,4H,,4,H,N710-S506
CM1977,ID-SNI-635-4-I,2n,22.5 mo,16/2097,SNI-635,,4I,,4,I,N707-S507
CM1978,ID-SNI-635-4-J,2n,22.5 mo,16/2097,SNI-635,,4J,,4,J,N710-S507
CM1979,ID-SNI-635-4-K,2n,22.5 mo,16/2097,SNI-635,,4K,,4,K,N707-S508
CM1980,ID-SNI-635-4-L,2n,22.5 mo,16/2097,SNI-635,,4L,,4,L,N710-S508
CM1981,ID-SNI-635-4-M,4n,22.5 mo,16/2097,SNI-635,,4M,,4,M,N707-S510
CM1982,ID-SNI-635-4-N,4n,22.5 mo,16/2097,SNI-635,,4N,,4,N,N710-S510
CM1983,ID-SNI-635-4-O,4n,22.5 mo,16/2097,SNI-635,,4O,,4,O,N707-S511
CM1984,ID-SNI-635-4-P,4n,22.5 mo,16/2097,SNI-635,,4P,,4,P,N710-S511
CM1985,ID-SNI-635-5-A,2n,3 mo,17/048228,SNI-635,,5A,,5,A,N711-S502
CM1986,ID-SNI-635-5-B,2n,3 mo,17/048228,SNI-635,,5B,,5,B,N712-S502
CM1987,ID-SNI-635-5-C,2n,3 mo,17/048228,SNI-635,,5C,,5,C,N711-S503
CM1988,ID-SNI-635-5-D,2n,3 mo,17/048228,SNI-635,,5D,,5,D,N712-S503
CM1989,ID-SNI-635-5-E,4n,3 mo,17/048228,SNI-635,,5E,,5,E,N711-S505
CM1990,ID-SNI-635-5-F,4n,3 mo,17/048228,SNI-635,,5F,,5,F,N712-S505
CM1991,ID-SNI-635-5-G,4n,3 mo,17/048228,SNI-635,,5G,,5,G,N711-S506
CM1992,ID-SNI-635-5-H,4n,3 mo,17/048228,SNI-635,,5H,,5,H,N712-S506
CM1993,ID-SNI-635-5-I,2n,22.5 mo,16/2097,SNI-635,,5I,,5,I,N711-S507
CM1994,ID-SNI-635-5-J,2n,22.5 mo,16/2097,SNI-635,,5J,,5,J,N712-S507
CM1995,ID-SNI-635-5-K,2n,22.5 mo,16/2097,SNI-635,,5K,,5,K,N711-S508
CM1996,ID-SNI-635-5-L,2n,22.5 mo,16/2097,SNI-635,,5L,,5,L,N712-S508
CM1997,ID-SNI-635-5-M,4n,22.5 mo,16/2097,SNI-635,,5M,,5,M,N711-S510
CM1998,ID-SNI-635-5-N,4n,22.5 mo,16/2097,SNI-635,,5N,,5,N,N712-S510
CM1999,ID-SNI-635-5-O,4n,22.5 mo,16/2097,SNI-635,,5O,,5,O,N711-S511
CM2000,ID-SNI-635-5-P,4n,22.5 mo,16/2097,SNI-635,,5P,,5,P,N712-S511
CM2001,ID-SNI-635-6-A,2n,3 mo,17/048228,SNI-635,,6A,,6,A,N714-S502
CM2002,ID-SNI-635-6-B,2n,3 mo,17/048228,SNI-635,,6B,,6,B,N715-S502
CM2003,ID-SNI-635-6-C,2n,3 mo,17/048228,SNI-635,,6C,,6,C,N714-S503
CM2004,ID-SNI-635-6-D,2n,3 mo,17/048228,SNI-635,,6D,,6,D,N715-S503
CM2005,ID-SNI-635-6-E,4n,3 mo,17/048228,SNI-635,,6E,,6,E,N714-S505
CM2006,ID-SNI-635-6-F,4n,3 mo,17/048228,SNI-635,,6F,,6,F,N715-S505
CM2007,ID-SNI-635-6-G,4n,3 mo,17/048228,SNI-635,,6G,,6,G,N714-S506
CM2008,ID-SNI-635-6-H,4n,3 mo,17/048228,SNI-635,,6H,,6,H,N715-S506
CM2009,ID-SNI-635-6-I,2n,22.5 mo,16/2097,SNI-635,,6I,,6,I,N714-S507
CM2010,ID-SNI-635-6-J,2n,22.5 mo,16/2097,SNI-635,,6J,,6,J,N715-S507
CM2011,ID-SNI-635-6-K,2n,22.5 mo,16/2097,SNI-635,,6K,,6,K,N714-S508
CM2012,ID-SNI-635-6-L,2n,22.5 mo,16/2097,SNI-635,,6L,,6,L,N715-S508
CM2013,ID-SNI-635-6-M,4n,22.5 mo,16/2097,SNI-635,,6M,,6,M,N714-S510
CM2014,ID-SNI-635-6-N,4n,22.5 mo,16/2097,SNI-635,,6N,,6,N,N715-S510
CM2015,ID-SNI-635-6-O,4n,22.5 mo,16/2097,SNI-635,,6O,,6,O,N714-S511
CM2016,ID-SNI-635-6-P,4n,22.5 mo,16/2097,SNI-635,,6P,,6,P,N715-S511
CM2017,ID-SNI-635-7-A,2n,3 mo,17/048228,SNI-635,,7A,,7,A,N716-S502
CM2018,ID-SNI-635-7-B,2n,3 mo,17/048228,SNI-635,,7B,,7,B,N718-S502
CM2019,ID-SNI-635-7-C,2n,3 mo,17/048228,SNI-635,,7C,,7,C,N716-S503
CM2020,ID-SNI-635-7-D,2n,3 mo,17/048228,SNI-635,,7D,,7,D,N718-S503
CM2021,ID-SNI-635-7-E,4n,3 mo,17/048228,SNI-635,,7E,,7,E,N716-S505
CM2022,ID-SNI-635-7-F,4n,3 mo,17/048228,SNI-635,,7F,,7,F,N718-S505
CM2023,ID-SNI-635-7-G,4n,3 mo,17/048228,SNI-635,,7G,,7,G,N716-S506
CM2024,ID-SNI-635-7-H,4n,3 mo,17/048228,SNI-635,,7H,,7,H,N718-S506
CM2025,ID-SNI-635-7-I,2n,22.5 mo,16/2097,SNI-635,,7I,,7,I,N716-S507
CM2026,ID-SNI-635-7-J,2n,22.5 mo,16/2097,SNI-635,,7J,,7,J,N718-S507
CM2027,ID-SNI-635-7-K,2n,22.5 mo,16/2097,SNI-635,,7K,,7,K,N716-S508
CM2028,ID-SNI-635-7-L,2n,22.5 mo,16/2097,SNI-635,,7L,,7,L,N718-S508
CM2029,ID-SNI-635-7-M,4n,22.5 mo,16/2097,SNI-635,,7M,,7,M,N716-S510
CM2030,ID-SNI-635-7-N,4n,22.5 mo,16/2097,SNI-635,,7N,,7,N,N718-S510
CM2031,ID-SNI-635-7-O,4n,22.5 mo,16/2097,SNI-635,,7O,,7,O,N716-S511
CM2032,ID-SNI-635-7-P,4n,22.5 mo,16/2097,SNI-635,,7P,,7,P,N718-S511
CM2033,ID-SNI-635-8-A,2n,3 mo,17/048228,SNI-635,,8A,,8,A,N719-S502
CM2034,ID-SNI-635-8-B,2n,3 mo,17/048228,SNI-635,,8B,,8,B,N720-S502
CM2035,ID-SNI-635-8-C,2n,3 mo,17/048228,SNI-635,,8C,,8,C,N719-S503
CM2036,ID-SNI-635-8-D,2n,3 mo,17/048228,SNI-635,,8D,,8,D,N720-S503
CM2037,ID-SNI-635-8-E,4n,3 mo,17/048228,SNI-635,,8E,,8,E,N719-S505
CM2038,ID-SNI-635-8-F,4n,3 mo,17/048228,SNI-635,,8F,,8,F,N720-S505
CM2039,ID-SNI-635-8-G,4n,3 mo,17/048228,SNI-635,,8G,,8,G,N719-S506
CM2040,ID-SNI-635-8-H,4n,3 mo,17/048228,SNI-635,,8H,,8,H,N720-S506
CM2041,ID-SNI-635-8-I,2n,22.5 mo,16/2097,SNI-635,,8I,,8,I,N719-S507
CM2042,ID-SNI-635-8-J,2n,22.5 mo,16/2097,SNI-635,,8J,,8,J,N720-S507
CM2043,ID-SNI-635-8-K,2n,22.5 mo,16/2097,SNI-635,,8K,,8,K,N719-S508
CM2044,ID-SNI-635-8-L,2n,22.5 mo,16/2097,SNI-635,,8L,,8,L,N720-S508
CM2045,ID-SNI-635-8-M,4n,22.5 mo,16/2097,SNI-635,,8M,,8,M,N719-S510
CM2046,ID-SNI-635-8-N,4n,22.5 mo,16/2097,SNI-635,,8N,,8,N,N720-S510
CM2047,ID-SNI-635-8-O,4n,22.5 mo,16/2097,SNI-635,,8O,,8,O,N719-S511
CM2048,ID-SNI-635-8-P,4n,22.5 mo,16/2097,SNI-635,,8P,,8,P,N720-S511
CM2049,ID-SNI-635-9-A,2n,3 mo,17/048228,SNI-635,,9A,,9,A,N721-S502
CM2050,ID-SNI-635-9-B,2n,3 mo,17/048228,SNI-635,,9B,,9,B,N722-S502
CM2051,ID-SNI-635-9-C,2n,3 mo,17/048228,SNI-635,,9C,,9,C,N721-S503
CM2052,ID-SNI-635-9-D,2n,3 mo,17/048228,SNI-635,,9D,,9,D,N722-S503
CM2053,ID-SNI-635-9-E,4n,3 mo,17/048228,SNI-635,,9E,,9,E,N721-S505
CM2054,ID-SNI-635-9-F,4n,3 mo,17/048228,SNI-635,,9F,,9,F,N722-S505
CM2055,ID-SNI-635-9-G,4n,3 mo,17/048228,SNI-635,,9G,,9,G,N721-S506
CM2056,ID-SNI-635-9-H,4n,3 mo,17/048228,SNI-635,,9H,,9,H,N722-S506
CM2057,ID-SNI-635-9-I,2n,22.5 mo,16/2097,SNI-635,,9I,,9,I,N721-S507
CM2058,ID-SNI-635-9-J,2n,22.5 mo,16/2097,SNI-635,,9J,,9,J,N722-S507
CM2059,ID-SNI-635-9-K,2n,22.5 mo,16/2097,SNI-635,,9K,,9,K,N721-S508
CM2060,ID-SNI-635-9-L,2n,22.5 mo,16/2097,SNI-635,,9L,,9,L,N722-S508
CM2061,ID-SNI-635-9-M,4n,22.5 mo,16/2097,SNI-635,,9M,,9,M,N721-S510
CM2062,ID-SNI-635-9-N,4n,22.5 mo,16/2097,SNI-635,,9N,,9,N,N722-S510
CM2063,ID-SNI-635-9-O,4n,22.5 mo,16/2097,SNI-635,,9O,,9,O,N721-S511
CM2064,ID-SNI-635-9-P,4n,22.5 mo,16/2097,SNI-635,,9P,,9,P,N722-S511
CM2065,ID-SNI-635-10-A,2n,3 mo,17/048228,SNI-635,,10A,,10,A,N723-S502
CM2066,ID-SNI-635-10-B,2n,3 mo,17/048228,SNI-635,,10B,,10,B,N724-S502
CM2067,ID-SNI-635-10-C,2n,3 mo,17/048228,SNI-635,,10C,,10,C,N723-S503
CM2068,ID-SNI-635-10-D,2n,3 mo,17/048228,SNI-635,,10D,,10,D,N724-S503
CM2069,ID-SNI-635-10-E,4n,3 mo,17/048228,SNI-635,,10E,,10,E,N723-S505
CM2070,ID-SNI-635-10-F,4n,3 mo,17/048228,SNI-635,,10F,,10,F,N724-S505
CM2071,ID-SNI-635-10-G,4n,3 mo,17/048228,SNI-635,,10G,,10,G,N723-S506
CM2072,ID-SNI-635-10-H,4n,3 mo,17/048228,SNI-635,,10H,,10,H,N724-S506
CM2073,ID-SNI-635-10-I,2n,22.5 mo,16/2097,SNI-635,,10I,,10,I,N723-S507
CM2074,ID-SNI-635-10-J,2n,22.5 mo,16/2097,SNI-635,,10J,,10,J,N724-S507
CM2075,ID-SNI-635-10-K,2n,22.5 mo,16/2097,SNI-635,,10K,,10,K,N723-S508
CM2076,ID-SNI-635-10-L,2n,22.5 mo,16/2097,SNI-635,,10L,,10,L,N724-S508
CM2077,ID-SNI-635-10-M,4n,22.5 mo,16/2097,SNI-635,,10M,,10,M,N723-S510
CM2078,ID-SNI-635-10-N,4n,22.5 mo,16/2097,SNI-635,,10N,,10,N,N724-S510
CM2079,ID-SNI-635-10-O,4n,22.5 mo,16/2097,SNI-635,,10O,,10,O,N723-S511
CM2080,ID-SNI-635-10-P,4n,22.5 mo,16/2097,SNI-635,,10P,,10,P,N724-S511
CM2081,ID-SNI-635-11-A,2n,3 mo,17/048228,SNI-635,,11A,,11,A,N726-S502
CM2082,ID-SNI-635-11-B,2n,3 mo,17/048228,SNI-635,,11B,,11,B,N727-S502
CM2083,ID-SNI-635-11-C,2n,3 mo,17/048228,SNI-635,,11C,,11,C,N726-S503
CM2084,ID-SNI-635-11-D,2n,3 mo,17/048228,SNI-635,,11D,,11,D,N727-S503
CM2085,ID-SNI-635-11-E,4n,3 mo,17/048228,SNI-635,,11E,,11,E,N726-S505
CM2086,ID-SNI-635-11-F,4n,3 mo,17/048228,SNI-635,,11F,,11,F,N727-S505
CM2087,ID-SNI-635-11-G,4n,3 mo,17/048228,SNI-635,,11G,,11,G,N726-S506
CM2088,ID-SNI-635-11-H,4n,3 mo,17/048228,SNI-635,,11H,,11,H,N727-S506
CM2089,ID-SNI-635-11-I,2n,22.5 mo,16/2097,SNI-635,,11I,,11,I,N726-S507
CM2090,ID-SNI-635-11-J,2n,22.5 mo,16/2097,SNI-635,,11J,,11,J,N727-S507
CM2091,ID-SNI-635-11-K,2n,22.5 mo,16/2097,SNI-635,,11K,,11,K,N726-S508
CM2092,ID-SNI-635-11-L,2n,22.5 mo,16/2097,SNI-635,,11L,,11,L,N727-S508
CM2093,ID-SNI-635-11-M,4n,22.5 mo,16/2097,SNI-635,,11M,,11,M,N726-S510
CM2094,ID-SNI-635-11-N,4n,22.5 mo,16/2097,SNI-635,,11N,,11,N,N727-S510
CM2095,ID-SNI-635-11-O,4n,22.5 mo,16/2097,SNI-635,,11O,,11,O,N726-S511
CM2096,ID-SNI-635-11-P,4n,22.5 mo,16/2097,SNI-635,,11P,,11,P,N727-S511
CM2097,ID-SNI-635-12-A,2n,3 mo,17/048228,SNI-635,,12A,,12,A,N728-S502
CM2098,ID-SNI-635-12-B,2n,3 mo,17/048228,SNI-635,,12B,,12,B,N729-S502
CM2099,ID-SNI-635-12-C,2n,3 mo,17/048228,SNI-635,,12C,,12,C,N728-S503
CM2100,ID-SNI-635-12-D,2n,3 mo,17/048228,SNI-635,,12D,,12,D,N729-S503
CM2101,ID-SNI-635-12-E,4n,3 mo,17/048228,SNI-635,,12E,,12,E,N728-S505
CM2102,ID-SNI-635-12-F,4n,3 mo,17/048228,SNI-635,,12F,,12,F,N729-S505
CM2103,ID-SNI-635-12-G,4n,3 mo,17/048228,SNI-635,,12G,,12,G,N728-S506
CM2104,ID-SNI-635-12-H,4n,3 mo,17/048228,SNI-635,,12H,,12,H,N729-S506
CM2105,ID-SNI-635-12-I,2n,22.5 mo,16/2097,SNI-635,,12I,,12,I,N728-S507
CM2106,ID-SNI-635-12-J,2n,22.5 mo,16/2097,SNI-635,,12J,,12,J,N729-S507
CM2107,ID-SNI-635-12-K,2n,22.5 mo,16/2097,SNI-635,,12K,,12,K,N728-S508
CM2108,ID-SNI-635-12-L,2n,22.5 mo,16/2097,SNI-635,,12L,,12,L,N729-S508
CM2109,ID-SNI-635-12-M,4n,22.5 mo,16/2097,SNI-635,,12M,,12,M,N728-S510
CM2110,ID-SNI-635-12-N,4n,22.5 mo,16/2097,SNI-635,,12N,,12,N,N729-S510
CM2111,ID-SNI-635-12-O,4n,22.5 mo,16/2097,SNI-635,,12O,,12,O,N728-S511
CM2112,ID-SNI-635-12-P,4n,22.5 mo,16/2097,SNI-635,,12P,,12,P,N729-S511
CM2113,ID-SNI-635-13-A,2n,3 mo,17/048228,SNI-635,,13A,,13,A,N701-S513
CM2114,ID-SNI-635-13-B,2n,3 mo,17/048228,SNI-635,,13B,,13,B,N702-S513
CM2115,ID-SNI-635-13-C,2n,3 mo,17/048228,SNI-635,,13C,,13,C,N701-S515
CM2116,ID-SNI-635-13-D,2n,3 mo,17/048228,SNI-635,,13D,,13,D,N702-S515
CM2117,ID-SNI-635-13-E,4n,3 mo,17/048228,SNI-635,,13E,,13,E,N701-S516
CM2118,ID-SNI-635-13-F,4n,3 mo,17/048228,SNI-635,,13F,,13,F,N702-S516
CM2119,ID-SNI-635-13-G,4n,3 mo,17/048228,SNI-635,,13G,,13,G,N701-S517
CM2120,ID-SNI-635-13-H,4n,3 mo,17/048228,SNI-635,,13H,,13,H,N702-S517
CM2121,ID-SNI-635-13-I,2n,22.5 mo,16/2097,SNI-635,,13I,,13,I,N701-S518
CM2122,ID-SNI-635-13-J,2n,22.5 mo,16/2097,SNI-635,,13J,,13,J,N702-S518
CM2123,ID-SNI-635-13-K,2n,22.5 mo,16/2097,SNI-635,,13K,,13,K,N701-S520
CM2124,ID-SNI-635-13-L,2n,22.5 mo,16/2097,SNI-635,,13L,,13,L,N702-S520
CM2125,ID-SNI-635-13-M,4n,22.5 mo,16/2097,SNI-635,,13M,,13,M,N701-S521
CM2126,ID-SNI-635-13-N,4n,22.5 mo,16/2097,SNI-635,,13N,,13,N,N702-S521
CM2127,ID-SNI-635-13-O,4n,22.5 mo,16/2097,SNI-635,,13O,,13,O,N701-S522
CM2128,ID-SNI-635-13-P,4n,22.5 mo,16/2097,SNI-635,,13P,,13,P,N702-S522
CM2129,ID-SNI-635-14-A,2n,3 mo,17/048228,SNI-635,,14A,,14,A,N703-S513
CM2130,ID-SNI-635-14-B,2n,3 mo,17/048228,SNI-635,,14B,,14,B,N704-S513
CM2131,ID-SNI-635-14-C,2n,3 mo,17/048228,SNI-635,,14C,,14,C,N703-S515
CM2132,ID-SNI-635-14-D,2n,3 mo,17/048228,SNI-635,,14D,,14,D,N704-S515
CM2133,ID-SNI-635-14-E,4n,3 mo,17/048228,SNI-635,,14E,,14,E,N703-S516
CM2134,ID-SNI-635-14-F,4n,3 mo,17/048228,SNI-635,,14F,,14,F,N704-S516
CM2135,ID-SNI-635-14-G,4n,3 mo,17/048228,SNI-635,,14G,,14,G,N703-S517
CM2136,ID-SNI-635-14-H,4n,3 mo,17/048228,SNI-635,,14H,,14,H,N704-S517
CM2137,ID-SNI-635-14-I,2n,22.5 mo,16/2097,SNI-635,,14I,,14,I,N703-S518
CM2138,ID-SNI-635-14-J,2n,22.5 mo,16/2097,SNI-635,,14J,,14,J,N704-S518
CM2139,ID-SNI-635-14-K,2n,22.5 mo,16/2097,SNI-635,,14K,,14,K,N703-S520
CM2140,ID-SNI-635-14-L,2n,22.5 mo,16/2097,SNI-635,,14L,,14,L,N704-S520
CM2141,ID-SNI-635-14-M,4n,22.5 mo,16/2097,SNI-635,,14M,,14,M,N703-S521
CM2142,ID-SNI-635-14-N,4n,22.5 mo,16/2097,SNI-635,,14N,,14,N,N704-S521
CM2143,ID-SNI-635-14-O,4n,22.5 mo,16/2097,SNI-635,,14O,,14,O,N703-S522
CM2144,ID-SNI-635-14-P,4n,22.5 mo,16/2097,SNI-635,,15P,,15,P,N704-S522
CM2145,ID-SNI-635-15-A,2n,3 mo,17/048228,SNI-635,,15A,,15,A,N705-S513
CM2146,ID-SNI-635-15-B,2n,3 mo,17/048228,SNI-635,,15B,,15,B,N706-S513
CM2147,ID-SNI-635-15-C,2n,3 mo,17/048228,SNI-635,,15C,,15,C,N705-S515
CM2148,ID-SNI-635-15-D,2n,3 mo,17/048228,SNI-635,,15D,,15,D,N706-S515
CM2149,ID-SNI-635-15-E,4n,3 mo,17/048228,SNI-635,,15E,,15,E,N705-S516
CM2150,ID-SNI-635-15-F,4n,3 mo,17/048228,SNI-635,,15F,,15,F,N706-S516
CM2151,ID-SNI-635-15-G,4n,3 mo,17/048228,SNI-635,,15G,,15,G,N705-S517
CM2152,ID-SNI-635-15-H,4n,3 mo,17/048228,SNI-635,,15H,,15,H,N706-S517
CM2153,ID-SNI-635-15-I,2n,22.5 mo,16/2097,SNI-635,,15I,,15,I,N705-S518
CM2154,ID-SNI-635-15-J,2n,22.5 mo,16/2097,SNI-635,,15J,,15,J,N706-S518
CM2155,ID-SNI-635-15-K,2n,22.5 mo,16/2097,SNI-635,,15K,,15,K,N705-S520
CM2156,ID-SNI-635-15-L,2n,22.5 mo,16/2097,SNI-635,,15L,,15,L,N706-S520
CM2157,ID-SNI-635-15-M,4n,22.5 mo,16/2097,SNI-635,,15M,,15,M,N705-S521
CM2158,ID-SNI-635-15-N,4n,22.5 mo,16/2097,SNI-635,,15N,,15,N,N706-S521
CM2159,ID-SNI-635-15-O,4n,22.5 mo,16/2097,SNI-635,,15O,,15,O,N705-S522
CM2160,ID-SNI-635-15-P,4n,22.5 mo,16/2097,SNI-635,,15P,,15,P,N706-S522
CM2161,ID-SNI-635-16-A,2n,3 mo,17/048228,SNI-635,,16A,,16,A,N707-S513
CM2162,ID-SNI-635-16-B,2n,3 mo,17/048228,SNI-635,,16B,,16,B,N710-S513
CM2163,ID-SNI-635-16-C,2n,3 mo,17/048228,SNI-635,,16C,,16,C,N707-S515
CM2164,ID-SNI-635-16-D,2n,3 mo,17/048228,SNI-635,,16D,,16,D,N710-S515
CM2165,ID-SNI-635-16-E,4n,3 mo,17/048228,SNI-635,,16E,,16,E,N707-S516
CM2166,ID-SNI-635-16-F,4n,3 mo,17/048228,SNI-635,,16F,,16,F,N710-S516
CM2167,ID-SNI-635-16-G,4n,3 mo,17/048228,SNI-635,,16G,,16,G,N707-S517
CM2168,ID-SNI-635-16-H,4n,3 mo,17/048228,SNI-635,,16H,,16,H,N710-S517
CM2169,ID-SNI-635-16-I,2n,22.5 mo,16/2097,SNI-635,,16I,,16,I,N707-S518
CM2170,ID-SNI-635-16-J,2n,22.5 mo,16/2097,SNI-635,,16J,,16,J,N710-S518
CM2171,ID-SNI-635-16-K,2n,22.5 mo,16/2097,SNI-635,,16K,,16,K,N707-S520
CM2172,ID-SNI-635-16-L,2n,22.5 mo,16/2097,SNI-635,,16L,,16,L,N710-S520
CM2173,ID-SNI-635-16-M,4n,22.5 mo,16/2097,SNI-635,,16M,,16,M,N707-S521
CM2174,ID-SNI-635-16-N,4n,22.5 mo,16/2097,SNI-635,,16N,,16,N,N710-S521
CM2175,ID-SNI-635-16-O,4n,22.5 mo,16/2097,SNI-635,,16O,,16,O,N707-S522
CM2176,ID-SNI-635-16-P,4n,22.5 mo,16/2097,SNI-635,,16P,,16,P,N710-S522
CM2177,ID-SNI-635-17-A,2n,3 mo,17/048228,SNI-635,,17A,,17,A,N711-S513
CM2178,ID-SNI-635-17-B,2n,3 mo,17/048228,SNI-635,,17B,,17,B,N712-S513
CM2179,ID-SNI-635-17-C,2n,3 mo,17/048228,SNI-635,,17C,,17,C,N711-S515
CM2180,ID-SNI-635-17-D,2n,3 mo,17/048228,SNI-635,,17D,,17,D,N712-S515
CM2181,ID-SNI-635-17-E,4n,3 mo,17/048228,SNI-635,,17E,,17,E,N711-S516
CM2182,ID-SNI-635-17-F,4n,3 mo,17/048228,SNI-635,,17F,,17,F,N712-S516
CM2183,ID-SNI-635-17-G,4n,3 mo,17/048228,SNI-635,,17G,,17,G,N711-S517
CM2184,ID-SNI-635-17-H,4n,3 mo,17/048228,SNI-635,,17H,,17,H,N712-S517
CM2185,ID-SNI-635-17-I,2n,22.5 mo,16/2097,SNI-635,,17I,,17,I,N711-S518
CM2186,ID-SNI-635-17-J,2n,22.5 mo,16/2097,SNI-635,,17J,,17,J,N712-S518
CM2187,ID-SNI-635-17-K,2n,22.5 mo,16/2097,SNI-635,,17K,,17,K,N711-S520
CM2188,ID-SNI-635-17-L,2n,22.5 mo,16/2097,SNI-635,,17L,,17,L,N712-S520
CM2189,ID-SNI-635-17-M,4n,22.5 mo,16/2097,SNI-635,,17M,,17,M,N711-S521
CM2190,ID-SNI-635-17-N,4n,22.5 mo,16/2097,SNI-635,,17N,,17,N,N712-S521
CM2191,ID-SNI-635-17-O,4n,22.5 mo,16/2097,SNI-635,,17O,,17,O,N711-S522
CM2192,ID-SNI-635-17-P,4n,22.5 mo,16/2097,SNI-635,,17P,,17,P,N712-S522
CM2193,ID-SNI-635-18-A,2n,3 mo,17/048228,SNI-635,,18A,,18,A,N714-S513
CM2194,ID-SNI-635-18-B,2n,3 mo,17/048228,SNI-635,,18B,,18,B,N715-S513
CM2195,ID-SNI-635-18-C,2n,3 mo,17/048228,SNI-635,,18C,,18,C,N714-S515
CM2196,ID-SNI-635-18-D,2n,3 mo,17/048228,SNI-635,,18D,,18,D,N715-S515
CM2197,ID-SNI-635-18-E,4n,3 mo,17/048228,SNI-635,,18E,,18,E,N714-S516
CM2198,ID-SNI-635-18-F,4n,3 mo,17/048228,SNI-635,,18F,,18,F,N715-S516
CM2199,ID-SNI-635-18-G,4n,3 mo,17/048228,SNI-635,,18G,,18,G,N714-S517
CM2200,ID-SNI-635-18-H,4n,3 mo,17/048228,SNI-635,,18H,,18,H,N715-S517
CM2201,ID-SNI-635-18-I,2n,22.5 mo,16/2097,SNI-635,,18I,,18,I,N714-S518
CM2202,ID-SNI-635-18-J,2n,22.5 mo,16/2097,SNI-635,,18J,,18,J,N715-S518
CM2203,ID-SNI-635-18-K,2n,22.5 mo,16/2097,SNI-635,,18K,,18,K,N714-S520
CM2204,ID-SNI-635-18-L,2n,22.5 mo,16/2097,SNI-635,,18L,,18,L,N715-S520
CM2205,ID-SNI-635-18-M,4n,22.5 mo,16/2097,SNI-635,,18M,,18,M,N714-S521
CM2206,ID-SNI-635-18-N,4n,22.5 mo,16/2097,SNI-635,,18N,,18,N,N715-S521
CM2207,ID-SNI-635-18-O,4n,22.5 mo,16/2097,SNI-635,,18O,,18,O,N714-S522
CM2208,ID-SNI-635-18-P,4n,22.5 mo,16/2097,SNI-635,,18P,,18,P,N715-S522
CM2209,ID-SNI-635-19-A,2n,3 mo,17/048228,SNI-635,,19A,,19,A,N716-S513
CM2210,ID-SNI-635-19-B,2n,3 mo,17/048228,SNI-635,,19B,,19,B,N718-S513
CM2211,ID-SNI-635-19-C,2n,3 mo,17/048228,SNI-635,,19C,,19,C,N716-S515
CM2212,ID-SNI-635-19-D,2n,3 mo,17/048228,SNI-635,,19D,,19,D,N718-S515
CM2213,ID-SNI-635-19-E,4n,3 mo,17/048228,SNI-635,,19E,,19,E,N716-S516
CM2214,ID-SNI-635-19-F,4n,3 mo,17/048228,SNI-635,,19F,,19,F,N718-S516
CM2215,ID-SNI-635-19-G,4n,3 mo,17/048228,SNI-635,,19G,,19,G,N716-S517
CM2216,ID-SNI-635-19-H,4n,3 mo,17/048228,SNI-635,,19H,,19,H,N718-S517
CM2217,ID-SNI-635-19-I,2n,22.5 mo,16/2097,SNI-635,,19I,,19,I,N716-S518
CM2218,ID-SNI-635-19-J,2n,22.5 mo,16/2097,SNI-635,,19J,,19,J,N718-S518
CM2219,ID-SNI-635-19-K,2n,22.5 mo,16/2097,SNI-635,,19K,,19,K,N716-S520
CM2220,ID-SNI-635-19-L,2n,22.5 mo,16/2097,SNI-635,,19L,,19,L,N718-S520
CM2221,ID-SNI-635-19-M,4n,22.5 mo,16/2097,SNI-635,,19M,,19,M,N716-S521
CM2222,ID-SNI-635-19-N,4n,22.5 mo,16/2097,SNI-635,,19N,,19,N,N718-S521
CM2223,ID-SNI-635-19-O,4n,22.5 mo,16/2097,SNI-635,,19O,,19,O,N716-S522
CM2224,ID-SNI-635-19-P,4n,22.5 mo,16/2097,SNI-635,,19P,,19,P,N718-S522
CM2225,ID-SNI-635-20-A,2n,3 mo,17/048228,SNI-635,,20A,,20,A,N719-S513
CM2226,ID-SNI-635-20-B,2n,3 mo,17/048228,SNI-635,,20B,,20,B,N720-S513
CM2227,ID-SNI-635-20-C,2n,3 mo,17/048228,SNI-635,,20C,,20,C,N719-S515
CM2228,ID-SNI-635-20-D,2n,3 mo,17/048228,SNI-635,,20D,,20,D,N720-S515
CM2229,ID-SNI-635-20-E,4n,3 mo,17/048228,SNI-635,,20E,,20,E,N719-S516
CM2230,ID-SNI-635-20-F,4n,3 mo,17/048228,SNI-635,,20F,,20,F,N720-S516
CM2231,ID-SNI-635-20-G,4n,3 mo,17/048228,SNI-635,,20G,,20,G,N719-S517
CM2232,ID-SNI-635-20-H,4n,3 mo,17/048228,SNI-635,,20H,,20,H,N720-S517
CM2233,ID-SNI-635-20-I,2n,22.5 mo,16/2097,SNI-635,,20I,,20,I,N719-S518
CM2234,ID-SNI-635-20-J,2n,22.5 mo,16/2097,SNI-635,,20J,,20,J,N720-S518
CM2235,ID-SNI-635-20-K,2n,22.5 mo,16/2097,SNI-635,,20K,,20,K,N719-S520
CM2236,ID-SNI-635-820-L,2n,22.5 mo,16/2097,SNI-635,,20L,,20,L,N720-S520
CM2237,ID-SNI-635-20-M,4n,22.5 mo,16/2097,SNI-635,,20M,,20,M,N719-S521
CM2238,ID-SNI-635-20-N,4n,22.5 mo,16/2097,SNI-635,,20N,,20,N,N720-S521
CM2239,ID-SNI-635-20-O,4n,22.5 mo,16/2097,SNI-635,,20O,,20,O,N719-S522
CM2240,ID-SNI-635-20-P,4n,22.5 mo,16/2097,SNI-635,,20P,,20,P,N720-S522
CM2241,ID-SNI-635-21-A,2n,3 mo,17/048228,SNI-635,,21A,,21,A,N721-S513
CM2242,ID-SNI-635-21-B,2n,3 mo,17/048228,SNI-635,,21B,,21,B,N722-S513
CM2243,ID-SNI-635-21-C,2n,3 mo,17/048228,SNI-635,,21C,,21,C,N721-S515
CM2244,ID-SNI-635-21-D,2n,3 mo,17/048228,SNI-635,,21D,,21,D,N722-S515
CM2245,ID-SNI-635-21-E,4n,3 mo,17/048228,SNI-635,,21E,,21,E,N721-S516
CM2246,ID-SNI-635-21-F,4n,3 mo,17/048228,SNI-635,,21F,,21,F,N722-S516
CM2247,ID-SNI-635-21-G,4n,3 mo,17/048228,SNI-635,,21G,,21,G,N721-S517
CM2248,ID-SNI-635-21-H,4n,3 mo,17/048228,SNI-635,,21H,,21,H,N722-S517
CM2249,ID-SNI-635-21-I,2n,22.5 mo,16/2097,SNI-635,,21I,,21,I,N721-S518
CM2250,ID-SNI-635-21-J,2n,22.5 mo,16/2097,SNI-635,,21J,,21,J,N722-S518
CM2251,ID-SNI-635-21-K,2n,22.5 mo,16/2097,SNI-635,,21K,,21,K,N721-S520
CM2252,ID-SNI-635-21-L,2n,22.5 mo,16/2097,SNI-635,,21L,,21,L,N722-S520
CM2253,ID-SNI-635-21-M,4n,22.5 mo,16/2097,SNI-635,,21M,,21,M,N721-S521
CM2254,ID-SNI-635-21-N,4n,22.5 mo,16/2097,SNI-635,,21N,,21,N,N722-S521
CM2255,ID-SNI-635-21-O,4n,22.5 mo,16/2097,SNI-635,,21O,,21,O,N721-S522
CM2256,ID-SNI-635-21-P,4n,22.5 mo,16/2097,SNI-635,,21P,,21,P,N722-S522
CM2257,ID-SNI-635-22-A,2n,3 mo,17/048228,SNI-635,,22A,,22,A,N723-S513
CM2258,ID-SNI-635-22-B,2n,3 mo,17/048228,SNI-635,,22B,,22,B,N724-S513
CM2259,ID-SNI-635-22-C,2n,3 mo,17/048228,SNI-635,,22C,,22,C,N723-S515
CM2260,ID-SNI-635-22-D,2n,3 mo,17/048228,SNI-635,,22D,,22,D,N724-S515
CM2261,ID-SNI-635-22-E,4n,3 mo,17/048228,SNI-635,,22E,,22,E,N723-S516
CM2262,ID-SNI-635-22-F,4n,3 mo,17/048228,SNI-635,,22F,,22,F,N724-S516
CM2263,ID-SNI-635-22-G,4n,3 mo,17/048228,SNI-635,,22G,,22,G,N723-S517
CM2264,ID-SNI-635-22-H,4n,3 mo,17/048228,SNI-635,,22H,,22,H,N724-S517
CM2265,ID-SNI-635-22-I,2n,22.5 mo,16/2097,SNI-635,,22I,,22,I,N723-S518
CM2266,ID-SNI-635-22-J,2n,22.5 mo,16/2097,SNI-635,,22J,,22,J,N724-S518
CM2267,ID-SNI-635-22-K,2n,22.5 mo,16/2097,SNI-635,,22K,,22,K,N723-S520
CM2268,ID-SNI-635-22-L,2n,22.5 mo,16/2097,SNI-635,,22L,,22,L,N724-S520
CM2269,ID-SNI-635-22-M,4n,22.5 mo,16/2097,SNI-635,,22M,,22,M,N723-S521
CM2270,ID-SNI-635-22-N,4n,22.5 mo,16/2097,SNI-635,,22N,,22,N,N724-S521
CM2271,ID-SNI-635-22-O,4n,22.5 mo,16/2097,SNI-635,,22O,,22,O,N723-S522
CM2272,ID-SNI-635-22-P,4n,22.5 mo,16/2097,SNI-635,,22P,,22,P,N724-S522
CM2273,ID-SNI-635-23-A,2n,3 mo,17/048228,SNI-635,,23A,,23,A,N726-S513
CM2274,ID-SNI-635-23-B,2n,3 mo,17/048228,SNI-635,,23B,,23,B,N727-S513
CM2275,ID-SNI-635-23-C,2n,3 mo,17/048228,SNI-635,,23C,,23,C,N726-S515
CM2276,ID-SNI-635-23-D,2n,3 mo,17/048228,SNI-635,,23D,,23,D,N727-S515
CM2277,ID-SNI-635-23-E,4n,3 mo,17/048228,SNI-635,,23E,,23,E,N726-S516
CM2278,ID-SNI-635-23-F,4n,3 mo,17/048228,SNI-635,,23F,,23,F,N727-S516
CM2279,ID-SNI-635-23-G,4n,3 mo,17/048228,SNI-635,,23G,,23,G,N726-S517
CM2280,ID-SNI-635-23-H,4n,3 mo,17/048228,SNI-635,,23H,,23,H,N727-S517
CM2281,ID-SNI-635-23-I,2n,22.5 mo,16/2097,SNI-635,,23I,,23,I,N726-S518
CM2282,ID-SNI-635-23-J,2n,22.5 mo,16/2097,SNI-635,,23J,,23,J,N727-S518
CM2283,ID-SNI-635-23-K,2n,22.5 mo,16/2097,SNI-635,,23K,,23,K,N726-S520
CM2284,ID-SNI-635-23-L,2n,22.5 mo,16/2097,SNI-635,,23L,,23,L,N727-S520
CM2285,ID-SNI-635-23-M,4n,22.5 mo,16/2097,SNI-635,,23M,,23,M,N726-S521
CM2286,ID-SNI-635-23-N,4n,22.5 mo,16/2097,SNI-635,,23N,,23,N,N727-S521
CM2287,ID-SNI-635-23-O,4n,22.5 mo,16/2097,SNI-635,,23O,,23,O,N726-S522
CM2288,ID-SNI-635-23-P,4n,22.5 mo,16/2097,SNI-635,,23P,,23,P,N727-S522
CM2289,ID-SNI-635-24-A,2n,3 mo,17/048228,SNI-635,,24A,,24,A,N728-S513
CM2290,ID-SNI-635-24-B,2n,3 mo,17/048228,SNI-635,,24B,,24,B,N729-S513
CM2291,ID-SNI-635-24-C,2n,3 mo,17/048228,SNI-635,,24C,,24,C,N728-S515
CM2292,ID-SNI-635-24-D,2n,3 mo,17/048228,SNI-635,,24D,,24,D,N729-S515
CM2293,ID-SNI-635-24-E,4n,3 mo,17/048228,SNI-635,,24E,,24,E,N728-S516
CM2294,ID-SNI-635-24-F,4n,3 mo,17/048228,SNI-635,,24F,,24,F,N729-S516
CM2295,ID-SNI-635-24-G,4n,3 mo,17/048228,SNI-635,,24G,,24,G,N728-S517
CM2296,ID-SNI-635-24-H,4n,3 mo,17/048228,SNI-635,,24H,,24,H,N729-S517
CM2297,ID-SNI-635-24-I,2n,22.5 mo,16/2097,SNI-635,,24I,,24,I,N728-S518
CM2298,ID-SNI-635-24-J,2n,22.5 mo,16/2097,SNI-635,,24J,,24,J,N729-S518
CM2299,ID-SNI-635-24-K,2n,22.5 mo,16/2097,SNI-635,,24K,,24,K,N728-S520
CM2300,ID-SNI-635-24-L,2n,22.5 mo,16/2097,SNI-635,,24L,,24,L,N729-S520
CM2301,ID-SNI-635-24-M,4n,22.5 mo,16/2097,SNI-635,,24M,,24,M,N728-S521
CM2302,ID-SNI-635-24-N,4n,22.5 mo,16/2097,SNI-635,,24N,,24,N,N729-S521
CM2303,ID-SNI-635-24-O,4n,22.5 mo,16/2097,SNI-635,,24O,,24,O,N728-S522
CM2304,ID-SNI-635-24-P,4n,22.5 mo,16/2097,SNI-635,,24P,,24,P,N729-S522
CM385,ID-SNI-626-1-A,2n,3 mo,16/036335,SNI-626,,1A,AS-397125-LR-46504,1,A,N701-S502
CM386,ID-SNI-626-1-B,2n,3 mo,16/036335,SNI-626,,1B,AS-397127-LR-46504,1,B,N702-S502
CM387,ID-SNI-626-1-C,2n,3 mo,16/036335,SNI-626,,1C,AS-397129-LR-46504,1,C,N701-S503
CM388,ID-SNI-626-1-D,2n,3 mo,16/036335,SNI-626,,1D,AS-397131-LR-46504,1,D,N702-S503
CM389,ID-SNI-626-1-E,4n,3 mo,16/036335,SNI-626,,1E,AS-397133-LR-46504,1,E,N701-S505
CM390,ID-SNI-626-1-F,4n,3 mo,16/036335,SNI-626,,1F,AS-397135-LR-46504,1,F,N702-S505
CM391,ID-SNI-626-1-G,4n,3 mo,16/036335,SNI-626,,1G,AS-397137-LR-46504,1,G,N701-S506
CM392,ID-SNI-626-1-H,4n,3 mo,16/036335,SNI-626,,1H,AS-397139-LR-46504,1,H,N702-S506
CM393,ID-SNI-626-1-I,2n,22.5 mo,AN16CUK000798,SNI-626,,1I,AS-397141-LR-46504,1,I,N701-S507
CM394,ID-SNI-626-1-J,2n,22.5 mo,AN16CUK000798,SNI-626,,1J,AS-397143-LR-46504,1,J,N702-S507
CM395,ID-SNI-626-1-K,2n,22.5 mo,AN16CUK000798,SNI-626,,1K,AS-397145-LR-46504,1,K,N701-S508
CM396,ID-SNI-626-1-L,2n,22.5 mo,AN16CUK000798,SNI-626,,1L,AS-397147-LR-46504,1,L,N702-S508
CM397,ID-SNI-626-1-M,4n,22.5 mo,AN16CUK000798,SNI-626,,1M,AS-397149-LR-46504,1,M,N701-S510
CM398,ID-SNI-626-1-N,4n,22.5 mo,AN16CUK000798,SNI-626,,1N,AS-397151-LR-46504,1,N,N702-S510
CM399,ID-SNI-626-1-O,4n,22.5 mo,AN16CUK000798,SNI-626,,1O,AS-397153-LR-46504,1,O,N701-S511
CM400,ID-SNI-626-1-P,4n,22.5 mo,AN16CUK000798,SNI-626,,1P,AS-397155-LR-46504,1,P,N702-S511
CM401,ID-SNI-626-2-A,2n,3 mo,16/036335,SNI-626,,2A,AS-397157-LR-46504,2,A,N703-S502
CM402,ID-SNI-626-2-B,2n,3 mo,16/036335,SNI-626,,2B,AS-397159-LR-46504,2,B,N704-S502
CM403,ID-SNI-626-2-C,2n,3 mo,16/036335,SNI-626,,2C,AS-397161-LR-46504,2,C,N703-S503
CM404,ID-SNI-626-2-D,2n,3 mo,16/036335,SNI-626,,2D,AS-397163-LR-46504,2,D,N704-S503
CM405,ID-SNI-626-2-E,4n,3 mo,16/036335,SNI-626,,2E,AS-397165-LR-46504,2,E,N703-S505
CM406,ID-SNI-626-2-F,4n,3 mo,16/036335,SNI-626,,2F,AS-397167-LR-46504,2,F,N704-S505
CM407,ID-SNI-626-2-G,4n,3 mo,16/036335,SNI-626,,2G,AS-397169-LR-46504,2,G,N703-S506
CM408,ID-SNI-626-2-H,4n,3 mo,16/036335,SNI-626,,2H,AS-397171-LR-46504,2,H,N704-S506
CM409,ID-SNI-626-2-I,2n,22.5 mo,AN16CUK000798,SNI-626,,2I,AS-397173-LR-46504,2,I,N703-S507
CM410,ID-SNI-626-2-J,2n,22.5 mo,AN16CUK000798,SNI-626,,2J,AS-397175-LR-46504,2,J,N704-S507
CM411,ID-SNI-626-2-K,2n,22.5 mo,AN16CUK000798,SNI-626,,2K,AS-397177-LR-46504,2,K,N703-S508
CM412,ID-SNI-626-2-L,2n,22.5 mo,AN16CUK000798,SNI-626,,2L,AS-397179-LR-46504,2,L,N704-S508
CM413,ID-SNI-626-2-M,4n,22.5 mo,AN16CUK000798,SNI-626,,2M,AS-397181-LR-46504,2,M,N703-S510
CM414,ID-SNI-626-2-N,4n,22.5 mo,AN16CUK000798,SNI-626,,2N,AS-397183-LR-46504,2,N,N704-S510
CM415,ID-SNI-626-2-O,4n,22.5 mo,AN16CUK000798,SNI-626,,2O,AS-397185-LR-46504,2,O,N703-S511
CM416,ID-SNI-626-2-P,4n,22.5 mo,AN16CUK000798,SNI-626,,2P,AS-397187-LR-46504,2,P,N704-S511
CM417,ID-SNI-626-3-A,2n,3 mo,16/036335,SNI-626,,3A,AS-397189-LR-46504,3,A,N705-S502
CM418,ID-SNI-626-3-B,2n,3 mo,16/036335,SNI-626,,3B,AS-397191-LR-46504,3,B,N706-S502
CM419,ID-SNI-626-3-C,2n,3 mo,16/036335,SNI-626,,3C,AS-397193-LR-46504,3,C,N705-S503
CM420,ID-SNI-626-3-D,2n,3 mo,16/036335,SNI-626,,3D,AS-397195-LR-46504,3,D,N706-S503
CM421,ID-SNI-626-3-E,4n,3 mo,16/036335,SNI-626,,3E,AS-397197-LR-46504,3,E,N705-S505
CM422,ID-SNI-626-3-F,4n,3 mo,16/036335,SNI-626,,3F,AS-397199-LR-46504,3,F,N706-S505
CM423,ID-SNI-626-3-G,4n,3 mo,16/036335,SNI-626,,3G,AS-397201-LR-46504,3,G,N705-S506
CM424,ID-SNI-626-3-H,4n,3 mo,16/036335,SNI-626,,3H,AS-397203-LR-46504,3,H,N706-S506
CM425,ID-SNI-626-3-I,2n,22.5 mo,AN16CUK000798,SNI-626,,3I,AS-397205-LR-46504,3,I,N705-S507
CM426,ID-SNI-626-3-J,2n,22.5 mo,AN16CUK000798,SNI-626,,3J,AS-397207-LR-46504,3,J,N706-S507
CM427,ID-SNI-626-3-K,2n,22.5 mo,AN16CUK000798,SNI-626,,3K,AS-397209-LR-46504,3,K,N705-S508
CM428,ID-SNI-626-3-L,2n,22.5 mo,AN16CUK000798,SNI-626,,3L,AS-397211-LR-46504,3,L,N706-S508
CM429,ID-SNI-626-3-M,4n,22.5 mo,AN16CUK000798,SNI-626,,3M,AS-397213-LR-46504,3,M,N705-S510
CM430,ID-SNI-626-3-N,4n,22.5 mo,AN16CUK000798,SNI-626,,3N,AS-397215-LR-46504,3,N,N706-S510
CM431,ID-SNI-626-3-O,4n,22.5 mo,AN16CUK000798,SNI-626,,3O,AS-397217-LR-46504,3,O,N705-S511
CM432,ID-SNI-626-3-P,4n,22.5 mo,AN16CUK000798,SNI-626,,3P,AS-397219-LR-46504,3,P,N706-S511
CM433,ID-SNI-626-4-A,2n,3 mo,16/036335,SNI-626,,4A,AS-397221-LR-46504,4,A,N707-S502
CM434,ID-SNI-626-4-B,2n,3 mo,16/036335,SNI-626,,4B,AS-397223-LR-46504,4,B,N710-S502
CM435,ID-SNI-626-4-C,2n,3 mo,16/036335,SNI-626,,4C,AS-397225-LR-46504,4,C,N707-S503
CM436,ID-SNI-626-4-D,2n,3 mo,16/036335,SNI-626,,4D,AS-397227-LR-46504,4,D,N710-S503
CM437,ID-SNI-626-4-E,4n,3 mo,16/036335,SNI-626,,4E,AS-397229-LR-46504,4,E,N707-S505
CM438,ID-SNI-626-4-F,4n,3 mo,16/036335,SNI-626,,4F,AS-397231-LR-46504,4,F,N710-S505
CM439,ID-SNI-626-4-G,4n,3 mo,16/036335,SNI-626,,4G,AS-397233-LR-46504,4,G,N707-S506
CM440,ID-SNI-626-4-H,4n,3 mo,16/036335,SNI-626,,4H,AS-397235-LR-46504,4,H,N710-S506
CM441,ID-SNI-626-4-I,2n,22.5 mo,AN16CUK000798,SNI-626,,4I,AS-397237-LR-46504,4,I,N707-S507
CM442,ID-SNI-626-4-J,2n,22.5 mo,AN16CUK000798,SNI-626,,4J,AS-397239-LR-46504,4,J,N710-S507
CM443,ID-SNI-626-4-K,2n,22.5 mo,AN16CUK000798,SNI-626,,4K,AS-397241-LR-46504,4,K,N707-S508
CM444,ID-SNI-626-4-L,2n,22.5 mo,AN16CUK000798,SNI-626,,4L,AS-397243-LR-46504,4,L,N710-S508
CM445,ID-SNI-626-4-M,4n,22.5 mo,AN16CUK000798,SNI-626,,4M,AS-397245-LR-46504,4,M,N707-S510
CM446,ID-SNI-626-4-N,4n,22.5 mo,AN16CUK000798,SNI-626,,4N,AS-397247-LR-46504,4,N,N710-S510
CM447,ID-SNI-626-4-O,4n,22.5 mo,AN16CUK000798,SNI-626,,4O,AS-397249-LR-46504,4,O,N707-S511
CM448,ID-SNI-626-4-P,4n,22.5 mo,AN16CUK000798,SNI-626,,4P,AS-397251-LR-46504,4,P,N710-S511
CM449,ID-SNI-626-5-A,2n,3 mo,16/036335,SNI-626,,5A,AS-397253-LR-46504,5,A,N711-S502
CM450,ID-SNI-626-5-B,2n,3 mo,16/036335,SNI-626,,5B,AS-397255-LR-46504,5,B,N712-S502
CM451,ID-SNI-626-5-C,2n,3 mo,16/036335,SNI-626,,5C,AS-397257-LR-46504,5,C,N711-S503
CM452,ID-SNI-626-5-D,2n,3 mo,16/036335,SNI-626,,5D,AS-397259-LR-46504,5,D,N712-S503
CM453,ID-SNI-626-5-E,4n,3 mo,16/036335,SNI-626,,5E,AS-397261-LR-46504,5,E,N711-S505
CM454,ID-SNI-626-5-F,4n,3 mo,16/036335,SNI-626,,5F,AS-397263-LR-46504,5,F,N712-S505
CM455,ID-SNI-626-5-G,4n,3 mo,16/036335,SNI-626,,5G,AS-397265-LR-46504,5,G,N711-S506
CM456,ID-SNI-626-5-H,4n,3 mo,16/036335,SNI-626,,5H,AS-397267-LR-46504,5,H,N712-S506
CM457,ID-SNI-626-5-I,2n,22.5 mo,AN16CUK000798,SNI-626,,5I,AS-397269-LR-46504,5,I,N711-S507
CM458,ID-SNI-626-5-J,2n,22.5 mo,AN16CUK000798,SNI-626,,5J,AS-397271-LR-46504,5,J,N712-S507
CM459,ID-SNI-626-5-K,2n,22.5 mo,AN16CUK000798,SNI-626,,5K,AS-397273-LR-46504,5,K,N711-S508
CM460,ID-SNI-626-5-L,2n,22.5 mo,AN16CUK000798,SNI-626,,5L,AS-397275-LR-46504,5,L,N712-S508
CM461,ID-SNI-626-5-M,4n,22.5 mo,AN16CUK000798,SNI-626,,5M,AS-397277-LR-46504,5,M,N711-S510
CM462,ID-SNI-626-5-N,4n,22.5 mo,AN16CUK000798,SNI-626,,5N,AS-397279-LR-46504,5,N,N712-S510
CM463,ID-SNI-626-5-O,4n,22.5 mo,AN16CUK000798,SNI-626,,5O,AS-397281-LR-46504,5,O,N711-S511
CM464,ID-SNI-626-5-P,4n,22.5 mo,AN16CUK000798,SNI-626,,5P,AS-397283-LR-46504,5,P,N712-S511
CM465,ID-SNI-626-6-A,2n,3 mo,16/036335,SNI-626,,6A,AS-397285-LR-46504,6,A,N714-S502
CM466,ID-SNI-626-6-B,2n,3 mo,16/036335,SNI-626,,6B,AS-397287-LR-46504,6,B,N715-S502
CM467,ID-SNI-626-6-C,2n,3 mo,16/036335,SNI-626,,6C,AS-397289-LR-46504,6,C,N714-S503
CM468,ID-SNI-626-6-D,2n,3 mo,16/036335,SNI-626,,6D,AS-397291-LR-46504,6,D,N715-S503
CM469,ID-SNI-626-6-E,4n,3 mo,16/036335,SNI-626,,6E,AS-397293-LR-46504,6,E,N714-S505
CM470,ID-SNI-626-6-F,4n,3 mo,16/036335,SNI-626,,6F,AS-397295-LR-46504,6,F,N715-S505
CM471,ID-SNI-626-6-G,4n,3 mo,16/036335,SNI-626,,6G,AS-397297-LR-46504,6,G,N714-S506
CM472,ID-SNI-626-6-H,4n,3 mo,16/036335,SNI-626,,6H,AS-397299-LR-46504,6,H,N715-S506
CM473,ID-SNI-626-6-I,2n,22.5 mo,AN16CUK000798,SNI-626,,6I,AS-397301-LR-46504,6,I,N714-S507
CM474,ID-SNI-626-6-J,2n,22.5 mo,AN16CUK000798,SNI-626,,6J,AS-397303-LR-46504,6,J,N715-S507
CM475,ID-SNI-626-6-K,2n,22.5 mo,AN16CUK000798,SNI-626,,6K,AS-397305-LR-46504,6,K,N714-S508
CM476,ID-SNI-626-6-L,2n,22.5 mo,AN16CUK000798,SNI-626,,6L,AS-397307-LR-46504,6,L,N715-S508
CM477,ID-SNI-626-6-M,4n,22.5 mo,AN16CUK000798,SNI-626,,6M,AS-397309-LR-46504,6,M,N714-S510
CM478,ID-SNI-626-6-N,4n,22.5 mo,AN16CUK000798,SNI-626,,6N,AS-397311-LR-46504,6,N,N715-S510
CM479,ID-SNI-626-6-O,4n,22.5 mo,AN16CUK000798,SNI-626,,6O,AS-397313-LR-46504,6,O,N714-S511
CM480,ID-SNI-626-6-P,4n,22.5 mo,AN16CUK000798,SNI-626,,6P,AS-397315-LR-46504,6,P,N715-S511
CM481,ID-SNI-626-7-A,2n,3 mo,16/036335,SNI-626,,7A,AS-397317-LR-46504,7,A,N716-S502
CM482,ID-SNI-626-7-B,2n,3 mo,16/036335,SNI-626,,7B,AS-397319-LR-46504,7,B,N718-S502
CM483,ID-SNI-626-7-C,2n,3 mo,16/036335,SNI-626,,7C,AS-397321-LR-46504,7,C,N716-S503
CM484,ID-SNI-626-7-D,2n,3 mo,16/036335,SNI-626,,7D,AS-397323-LR-46504,7,D,N718-S503
CM485,ID-SNI-626-7-E,4n,3 mo,16/036335,SNI-626,,7E,AS-397325-LR-46504,7,E,N716-S505
CM486,ID-SNI-626-7-F,4n,3 mo,16/036335,SNI-626,,7F,AS-397327-LR-46504,7,F,N718-S505
CM487,ID-SNI-626-7-G,4n,3 mo,16/036335,SNI-626,,7G,AS-397329-LR-46504,7,G,N716-S506
CM488,ID-SNI-626-7-H,4n,3 mo,16/036335,SNI-626,,7H,AS-397331-LR-46504,7,H,N718-S506
CM489,ID-SNI-626-7-I,2n,22.5 mo,AN16CUK000798,SNI-626,,7I,AS-397333-LR-46504,7,I,N716-S507
CM490,ID-SNI-626-7-J,2n,22.5 mo,AN16CUK000798,SNI-626,,7J,AS-397335-LR-46504,7,J,N718-S507
CM491,ID-SNI-626-7-K,2n,22.5 mo,AN16CUK000798,SNI-626,,7K,AS-397337-LR-46504,7,K,N716-S508
CM492,ID-SNI-626-7-L,2n,22.5 mo,AN16CUK000798,SNI-626,,7L,AS-397339-LR-46504,7,L,N718-S508
CM493,ID-SNI-626-7-M,4n,22.5 mo,AN16CUK000798,SNI-626,,7M,AS-397341-LR-46504,7,M,N716-S510
CM494,ID-SNI-626-7-N,4n,22.5 mo,AN16CUK000798,SNI-626,,7N,AS-397343-LR-46504,7,N,N718-S510
CM495,ID-SNI-626-7-O,4n,22.5 mo,AN16CUK000798,SNI-626,,7O,AS-397345-LR-46504,7,O,N716-S511
CM496,ID-SNI-626-7-P,4n,22.5 mo,AN16CUK000798,SNI-626,,7P,AS-397347-LR-46504,7,P,N718-S511
CM497,ID-SNI-626-8-A,2n,3 mo,16/036335,SNI-626,,8A,AS-397349-LR-46504,8,A,N719-S502
CM498,ID-SNI-626-8-B,2n,3 mo,16/036335,SNI-626,,8B,AS-397351-LR-46504,8,B,N720-S502
CM499,ID-SNI-626-8-C,2n,3 mo,16/036335,SNI-626,,8C,AS-397353-LR-46504,8,C,N719-S503
CM500,ID-SNI-626-8-D,2n,3 mo,16/036335,SNI-626,,8D,AS-397355-LR-46504,8,D,N720-S503
CM501,ID-SNI-626-8-E,4n,3 mo,16/036335,SNI-626,,8E,AS-397357-LR-46504,8,E,N719-S505
CM502,ID-SNI-626-8-F,4n,3 mo,16/036335,SNI-626,,8F,AS-397359-LR-46504,8,F,N720-S505
CM503,ID-SNI-626-8-G,4n,3 mo,16/036335,SNI-626,,8G,AS-397361-LR-46504,8,G,N719-S506
CM504,ID-SNI-626-8-H,4n,3 mo,16/036335,SNI-626,,8H,AS-397363-LR-46504,8,H,N720-S506
CM505,ID-SNI-626-8-I,2n,22.5 mo,AN16CUK000798,SNI-626,,8I,AS-397365-LR-46504,8,I,N719-S507
CM506,ID-SNI-626-8-J,2n,22.5 mo,AN16CUK000798,SNI-626,,8J,AS-397367-LR-46504,8,J,N720-S507
CM507,ID-SNI-626-8-K,2n,22.5 mo,AN16CUK000798,SNI-626,,8K,AS-397369-LR-46504,8,K,N719-S508
CM508,ID-SNI-626-8-L,2n,22.5 mo,AN16CUK000798,SNI-626,,8L,AS-397371-LR-46504,8,L,N720-S508
CM509,ID-SNI-626-8-M,4n,22.5 mo,AN16CUK000798,SNI-626,,8M,AS-397373-LR-46504,8,M,N719-S510
CM510,ID-SNI-626-8-N,4n,22.5 mo,AN16CUK000798,SNI-626,,8N,AS-397375-LR-46504,8,N,N720-S510
CM511,ID-SNI-626-8-O,4n,22.5 mo,AN16CUK000798,SNI-626,,8O,AS-397377-LR-46504,8,O,N719-S511
CM512,ID-SNI-626-8-P,4n,22.5 mo,AN16CUK000798,SNI-626,,8P,AS-397379-LR-46504,8,P,N720-S511
CM513,ID-SNI-626-9-A,2n,3 mo,16/036335,SNI-626,,9A,AS-397381-LR-46504,9,A,N721-S502
CM514,ID-SNI-626-9-B,2n,3 mo,16/036335,SNI-626,,9B,AS-397383-LR-46504,9,B,N722-S502
CM515,ID-SNI-626-9-C,2n,3 mo,16/036335,SNI-626,,9C,AS-397385-LR-46504,9,C,N721-S503
CM516,ID-SNI-626-9-D,2n,3 mo,16/036335,SNI-626,,9D,AS-397387-LR-46504,9,D,N722-S503
CM517,ID-SNI-626-9-E,4n,3 mo,16/036335,SNI-626,,9E,AS-397389-LR-46504,9,E,N721-S505
CM518,ID-SNI-626-9-F,4n,3 mo,16/036335,SNI-626,,9F,AS-397391-LR-46504,9,F,N722-S505
CM519,ID-SNI-626-9-G,4n,3 mo,16/036335,SNI-626,,9G,AS-397393-LR-46504,9,G,N721-S506
CM520,ID-SNI-626-9-H,4n,3 mo,16/036335,SNI-626,,9H,AS-397395-LR-46504,9,H,N722-S506
CM521,ID-SNI-626-9-I,2n,22.5 mo,AN16CUK000798,SNI-626,,9I,AS-397397-LR-46504,9,I,N721-S507
CM522,ID-SNI-626-9-J,2n,22.5 mo,AN16CUK000798,SNI-626,,9J,AS-397399-LR-46504,9,J,N722-S507
CM523,ID-SNI-626-9-K,2n,22.5 mo,AN16CUK000798,SNI-626,,9K,AS-397401-LR-46504,9,K,N721-S508
CM524,ID-SNI-626-9-L,2n,22.5 mo,AN16CUK000798,SNI-626,,9L,AS-397403-LR-46504,9,L,N722-S508
CM525,ID-SNI-626-9-M,4n,22.5 mo,AN16CUK000798,SNI-626,,9M,AS-397405-LR-46504,9,M,N721-S510
CM526,ID-SNI-626-9-N,4n,22.5 mo,AN16CUK000798,SNI-626,,9N,AS-397407-LR-46504,9,N,N722-S510
CM527,ID-SNI-626-9-O,4n,22.5 mo,AN16CUK000798,SNI-626,,9O,AS-397409-LR-46504,9,O,N721-S511
CM528,ID-SNI-626-9-P,4n,22.5 mo,AN16CUK000798,SNI-626,,9P,AS-397411-LR-46504,9,P,N722-S511
CM529,ID-SNI-626-10-A,2n,3 mo,16/036335,SNI-626,,10A,AS-397413-LR-46504,10,A,N723-S502
CM530,ID-SNI-626-10-B,2n,3 mo,16/036335,SNI-626,,10B,AS-397415-LR-46504,10,B,N724-S502
CM531,ID-SNI-626-10-C,2n,3 mo,16/036335,SNI-626,,10C,AS-397417-LR-46504,10,C,N723-S503
CM532,ID-SNI-626-10-D,2n,3 mo,16/036335,SNI-626,,10D,AS-397419-LR-46504,10,D,N724-S503
CM533,ID-SNI-626-10-E,4n,3 mo,16/036335,SNI-626,,10E,AS-397421-LR-46504,10,E,N723-S505
CM534,ID-SNI-626-10-F,4n,3 mo,16/036335,SNI-626,,10F,AS-397423-LR-46504,10,F,N724-S505
CM535,ID-SNI-626-10-G,4n,3 mo,16/036335,SNI-626,,10G,AS-397425-LR-46504,10,G,N723-S506
CM536,ID-SNI-626-10-H,4n,3 mo,16/036335,SNI-626,,10H,AS-397427-LR-46504,10,H,N724-S506
CM537,ID-SNI-626-10-I,2n,22.5 mo,AN16CUK000798,SNI-626,,10I,AS-397429-LR-46504,10,I,N723-S507
CM538,ID-SNI-626-10-J,2n,22.5 mo,AN16CUK000798,SNI-626,,10J,AS-397431-LR-46504,10,J,N724-S507
CM539,ID-SNI-626-10-K,2n,22.5 mo,AN16CUK000798,SNI-626,,10K,AS-397433-LR-46504,10,K,N723-S508
CM540,ID-SNI-626-10-L,2n,22.5 mo,AN16CUK000798,SNI-626,,10L,AS-397435-LR-46504,10,L,N724-S508
CM541,ID-SNI-626-10-M,4n,22.5 mo,AN16CUK000798,SNI-626,,10M,AS-397437-LR-46504,10,M,N723-S510
CM542,ID-SNI-626-10-N,4n,22.5 mo,AN16CUK000798,SNI-626,,10N,AS-397439-LR-46504,10,N,N724-S510
CM543,ID-SNI-626-10-O,4n,22.5 mo,AN16CUK000798,SNI-626,,10O,AS-397441-LR-46504,10,O,N723-S511
CM544,ID-SNI-626-10-P,4n,22.5 mo,AN16CUK000798,SNI-626,,10P,AS-397443-LR-46504,10,P,N724-S511
CM545,ID-SNI-626-11-A,2n,3 mo,16/036335,SNI-626,,11A,AS-397445-LR-46504,11,A,N726-S502
CM546,ID-SNI-626-11-B,2n,3 mo,16/036335,SNI-626,,11B,AS-397447-LR-46504,11,B,N727-S502
CM547,ID-SNI-626-11-C,2n,3 mo,16/036335,SNI-626,,11C,AS-397449-LR-46504,11,C,N726-S503
CM548,ID-SNI-626-11-D,2n,3 mo,16/036335,SNI-626,,11D,AS-397451-LR-46504,11,D,N727-S503
CM549,ID-SNI-626-11-E,4n,3 mo,16/036335,SNI-626,,11E,AS-397453-LR-46504,11,E,N726-S505
CM550,ID-SNI-626-11-F,4n,3 mo,16/036335,SNI-626,,11F,AS-397455-LR-46504,11,F,N727-S505
CM551,ID-SNI-626-11-G,4n,3 mo,16/036335,SNI-626,,11G,AS-397457-LR-46504,11,G,N726-S506
CM552,ID-SNI-626-11-H,4n,3 mo,16/036335,SNI-626,,11H,AS-397459-LR-46504,11,H,N727-S506
CM553,ID-SNI-626-11-I,2n,22.5 mo,AN16CUK000798,SNI-626,,11I,AS-397461-LR-46504,11,I,N726-S507
CM554,ID-SNI-626-11-J,2n,22.5 mo,AN16CUK000798,SNI-626,,11J,AS-397463-LR-46504,11,J,N727-S507
CM555,ID-SNI-626-11-K,2n,22.5 mo,AN16CUK000798,SNI-626,,11K,AS-397465-LR-46504,11,K,N726-S508
CM556,ID-SNI-626-11-L,2n,22.5 mo,AN16CUK000798,SNI-626,,11L,AS-397467-LR-46504,11,L,N727-S508
CM557,ID-SNI-626-11-M,4n,22.5 mo,AN16CUK000798,SNI-626,,11M,AS-397469-LR-46504,11,M,N726-S510
CM558,ID-SNI-626-11-N,4n,22.5 mo,AN16CUK000798,SNI-626,,11N,AS-397471-LR-46504,11,N,N727-S510
CM559,ID-SNI-626-11-O,4n,22.5 mo,AN16CUK000798,SNI-626,,11O,AS-397473-LR-46504,11,O,N726-S511
CM560,ID-SNI-626-11-P,4n,22.5 mo,AN16CUK000798,SNI-626,,11P,AS-397475-LR-46504,11,P,N727-S511
CM561,ID-SNI-626-12-A,2n,3 mo,16/036335,SNI-626,,12A,AS-397477-LR-46504,12,A,N728-S502
CM562,ID-SNI-626-12-B,2n,3 mo,16/036335,SNI-626,,12B,AS-397479-LR-46504,12,B,N729-S502
CM563,ID-SNI-626-12-C,2n,3 mo,16/036335,SNI-626,,12C,AS-397481-LR-46504,12,C,N728-S503
CM564,ID-SNI-626-12-D,2n,3 mo,16/036335,SNI-626,,12D,AS-397483-LR-46504,12,D,N729-S503
CM565,ID-SNI-626-12-E,4n,3 mo,16/036335,SNI-626,,12E,AS-397485-LR-46504,12,E,N728-S505
CM566,ID-SNI-626-12-F,4n,3 mo,16/036335,SNI-626,,12F,AS-397487-LR-46504,12,F,N729-S505
CM567,ID-SNI-626-12-G,4n,3 mo,16/036335,SNI-626,,12G,AS-397489-LR-46504,12,G,N728-S506
CM568,ID-SNI-626-12-H,4n,3 mo,16/036335,SNI-626,,12H,AS-397491-LR-46504,12,H,N729-S506
CM569,ID-SNI-626-12-I,2n,22.5 mo,AN16CUK000798,SNI-626,,12I,AS-397493-LR-46504,12,I,N728-S507
CM570,ID-SNI-626-12-J,2n,22.5 mo,AN16CUK000798,SNI-626,,12J,AS-397495-LR-46504,12,J,N729-S507
CM571,ID-SNI-626-12-K,2n,22.5 mo,AN16CUK000798,SNI-626,,12K,AS-397497-LR-46504,12,K,N728-S508
CM572,ID-SNI-626-12-L,2n,22.5 mo,AN16CUK000798,SNI-626,,12L,AS-397499-LR-46504,12,L,N729-S508
CM573,ID-SNI-626-12-M,4n,22.5 mo,AN16CUK000798,SNI-626,,12M,AS-397501-LR-46504,12,M,N728-S510
CM574,ID-SNI-626-12-N,4n,22.5 mo,AN16CUK000798,SNI-626,,12N,AS-397503-LR-46504,12,N,N729-S510
CM575,ID-SNI-626-12-O,4n,22.5 mo,AN16CUK000798,SNI-626,,12O,AS-397505-LR-46504,12,O,N728-S511
CM576,ID-SNI-626-12-P,4n,22.5 mo,AN16CUK000798,SNI-626,,12P,AS-397507-LR-46504,12,P,N729-S511
CM577,ID-SNI-626-13-A,2n,3 mo,16/036335,SNI-626,,13A,AS-397509-LR-46504,13,A,N701-S513
CM578,ID-SNI-626-13-B,2n,3 mo,16/036335,SNI-626,,13B,AS-397511-LR-46504,13,B,N702-S513
CM579,ID-SNI-626-13-C,2n,3 mo,16/036335,SNI-626,,13C,AS-397513-LR-46504,13,C,N701-S515
CM580,ID-SNI-626-13-D,2n,3 mo,16/036335,SNI-626,,13D,AS-397515-LR-46504,13,D,N702-S515
CM581,ID-SNI-626-13-E,4n,3 mo,16/036335,SNI-626,,13E,AS-397517-LR-46504,13,E,N701-S516
CM582,ID-SNI-626-13-F,4n,3 mo,16/036335,SNI-626,,13F,AS-397519-LR-46504,13,F,N702-S516
CM583,ID-SNI-626-13-G,4n,3 mo,16/036335,SNI-626,,13G,AS-397521-LR-46504,13,G,N701-S517
CM584,ID-SNI-626-13-H,4n,3 mo,16/036335,SNI-626,,13H,AS-397523-LR-46504,13,H,N702-S517
CM585,ID-SNI-626-13-I,2n,22.5 mo,AN16CUK000798,SNI-626,,13I,AS-397525-LR-46504,13,I,N701-S518
CM586,ID-SNI-626-13-J,2n,22.5 mo,AN16CUK000798,SNI-626,,13J,AS-397527-LR-46504,13,J,N702-S518
CM587,ID-SNI-626-13-K,2n,22.5 mo,AN16CUK000798,SNI-626,,13K,AS-397529-LR-46504,13,K,N701-S520
CM588,ID-SNI-626-13-L,2n,22.5 mo,AN16CUK000798,SNI-626,,13L,AS-397531-LR-46504,13,L,N702-S520
CM589,ID-SNI-626-13-M,4n,22.5 mo,AN16CUK000798,SNI-626,,13M,AS-397533-LR-46504,13,M,N701-S521
CM590,ID-SNI-626-13-N,4n,22.5 mo,AN16CUK000798,SNI-626,,13N,AS-397535-LR-46504,13,N,N702-S521
CM591,ID-SNI-626-13-O,4n,22.5 mo,AN16CUK000798,SNI-626,,13O,AS-397537-LR-46504,13,O,N701-S522
CM592,ID-SNI-626-13-P,4n,22.5 mo,AN16CUK000798,SNI-626,,13P,AS-397539-LR-46504,13,P,N702-S522
CM593,ID-SNI-626-14-A,2n,3 mo,16/036335,SNI-626,,14A,AS-397541-LR-46504,14,A,N703-S513
CM594,ID-SNI-626-14-B,2n,3 mo,16/036335,SNI-626,,14B,AS-397543-LR-46504,14,B,N704-S513
CM595,ID-SNI-626-14-C,2n,3 mo,16/036335,SNI-626,,14C,AS-397545-LR-46504,14,C,N703-S515
CM596,ID-SNI-626-14-D,2n,3 mo,16/036335,SNI-626,,14D,AS-397547-LR-46504,14,D,N704-S515
CM597,ID-SNI-626-14-E,4n,3 mo,16/036335,SNI-626,,14E,AS-397549-LR-46504,14,E,N703-S516
CM598,ID-SNI-626-14-F,4n,3 mo,16/036335,SNI-626,,14F,AS-397551-LR-46504,14,F,N704-S516
CM599,ID-SNI-626-14-G,4n,3 mo,16/036335,SNI-626,,14G,AS-397553-LR-46504,14,G,N703-S517
CM600,ID-SNI-626-14-H,4n,3 mo,16/036335,SNI-626,,14H,AS-397555-LR-46504,14,H,N704-S517
CM601,ID-SNI-626-14-I,2n,22.5 mo,AN16CUK000798,SNI-626,,14I,AS-397557-LR-46504,14,I,N703-S518
CM602,ID-SNI-626-14-J,2n,22.5 mo,AN16CUK000798,SNI-626,,14J,AS-397559-LR-46504,14,J,N704-S518
CM603,ID-SNI-626-14-K,2n,22.5 mo,AN16CUK000798,SNI-626,,14K,AS-397561-LR-46504,14,K,N703-S520
CM604,ID-SNI-626-14-L,2n,22.5 mo,AN16CUK000798,SNI-626,,14L,AS-397563-LR-46504,14,L,N704-S520
CM605,ID-SNI-626-14-M,4n,22.5 mo,AN16CUK000798,SNI-626,,14M,AS-397565-LR-46504,14,M,N703-S521
CM606,ID-SNI-626-14-N,4n,22.5 mo,AN16CUK000798,SNI-626,,14N,AS-397567-LR-46504,14,N,N704-S521
CM607,ID-SNI-626-14-O,4n,22.5 mo,AN16CUK000798,SNI-626,,14O,AS-397569-LR-46504,14,O,N703-S522
CM608,ID-SNI-626-14-P,4n,22.5 mo,AN16CUK000798,SNI-626,,15P,AS-397571-LR-46504,15,P,N704-S522
CM609,ID-SNI-626-15-A,2n,3 mo,16/036335,SNI-626,,15A,AS-397573-LR-46504,15,A,N705-S513
CM610,ID-SNI-626-15-B,2n,3 mo,16/036335,SNI-626,,15B,AS-397575-LR-46504,15,B,N706-S513
CM611,ID-SNI-626-15-C,2n,3 mo,16/036335,SNI-626,,15C,AS-397577-LR-46504,15,C,N705-S515
CM612,ID-SNI-626-15-D,2n,3 mo,16/036335,SNI-626,,15D,AS-397579-LR-46504,15,D,N706-S515
CM613,ID-SNI-626-15-E,4n,3 mo,16/036335,SNI-626,,15E,AS-397581-LR-46504,15,E,N705-S516
CM614,ID-SNI-626-15-F,4n,3 mo,16/036335,SNI-626,,15F,AS-397583-LR-46504,15,F,N706-S516
CM615,ID-SNI-626-15-G,4n,3 mo,16/036335,SNI-626,,15G,AS-397585-LR-46504,15,G,N705-S517
CM616,ID-SNI-626-15-H,4n,3 mo,16/036335,SNI-626,,15H,AS-397587-LR-46504,15,H,N706-S517
CM617,ID-SNI-626-15-I,2n,22.5 mo,AN16CUK000798,SNI-626,,15I,AS-397589-LR-46504,15,I,N705-S518
CM618,ID-SNI-626-15-J,2n,22.5 mo,AN16CUK000798,SNI-626,,15J,AS-397591-LR-46504,15,J,N706-S518
CM619,ID-SNI-626-15-K,2n,22.5 mo,AN16CUK000798,SNI-626,,15K,AS-397593-LR-46504,15,K,N705-S520
CM620,ID-SNI-626-15-L,2n,22.5 mo,AN16CUK000798,SNI-626,,15L,AS-397595-LR-46504,15,L,N706-S520
CM621,ID-SNI-626-15-M,4n,22.5 mo,AN16CUK000798,SNI-626,,15M,AS-397597-LR-46504,15,M,N705-S521
CM622,ID-SNI-626-15-N,4n,22.5 mo,AN16CUK000798,SNI-626,,15N,AS-397599-LR-46504,15,N,N706-S521
CM623,ID-SNI-626-15-O,4n,22.5 mo,AN16CUK000798,SNI-626,,15O,AS-397601-LR-46504,15,O,N705-S522
CM624,ID-SNI-626-15-P,4n,22.5 mo,AN16CUK000798,SNI-626,,15P,AS-397603-LR-46504,15,P,N706-S522
CM625,ID-SNI-626-16-A,2n,3 mo,16/036335,SNI-626,,16A,AS-397605-LR-46504,16,A,N707-S513
CM626,ID-SNI-626-16-B,2n,3 mo,16/036335,SNI-626,,16B,AS-397607-LR-46504,16,B,N710-S513
CM627,ID-SNI-626-16-C,2n,3 mo,16/036335,SNI-626,,16C,AS-397609-LR-46504,16,C,N707-S515
CM628,ID-SNI-626-16-D,2n,3 mo,16/036335,SNI-626,,16D,AS-397611-LR-46504,16,D,N710-S515
CM629,ID-SNI-626-16-E,4n,3 mo,16/036335,SNI-626,,16E,AS-397613-LR-46504,16,E,N707-S516
CM630,ID-SNI-626-16-F,4n,3 mo,16/036335,SNI-626,,16F,AS-397615-LR-46504,16,F,N710-S516
CM631,ID-SNI-626-16-G,4n,3 mo,16/036335,SNI-626,,16G,AS-397617-LR-46504,16,G,N707-S517
CM632,ID-SNI-626-16-H,4n,3 mo,16/036335,SNI-626,,16H,AS-397619-LR-46504,16,H,N710-S517
CM633,ID-SNI-626-16-I,2n,22.5 mo,AN16CUK000798,SNI-626,,16I,AS-397621-LR-46504,16,I,N707-S518
CM634,ID-SNI-626-16-J,2n,22.5 mo,AN16CUK000798,SNI-626,,16J,AS-397623-LR-46504,16,J,N710-S518
CM635,ID-SNI-626-16-K,2n,22.5 mo,AN16CUK000798,SNI-626,,16K,AS-397625-LR-46504,16,K,N707-S520
CM636,ID-SNI-626-16-L,2n,22.5 mo,AN16CUK000798,SNI-626,,16L,AS-397627-LR-46504,16,L,N710-S520
CM637,ID-SNI-626-16-M,4n,22.5 mo,AN16CUK000798,SNI-626,,16M,AS-397629-LR-46504,16,M,N707-S521
CM638,ID-SNI-626-16-N,4n,22.5 mo,AN16CUK000798,SNI-626,,16N,AS-397631-LR-46504,16,N,N710-S521
CM639,ID-SNI-626-16-O,4n,22.5 mo,AN16CUK000798,SNI-626,,16O,AS-397633-LR-46504,16,O,N707-S522
CM640,ID-SNI-626-16-P,4n,22.5 mo,AN16CUK000798,SNI-626,,16P,AS-397635-LR-46504,16,P,N710-S522
CM641,ID-SNI-626-17-A,2n,3 mo,16/036335,SNI-626,,17A,AS-397637-LR-46504,17,A,N711-S513
CM642,ID-SNI-626-17-B,2n,3 mo,16/036335,SNI-626,,17B,AS-397639-LR-46504,17,B,N712-S513
CM643,ID-SNI-626-17-C,2n,3 mo,16/036335,SNI-626,,17C,AS-397641-LR-46504,17,C,N711-S515
CM644,ID-SNI-626-17-D,2n,3 mo,16/036335,SNI-626,,17D,AS-397643-LR-46504,17,D,N712-S515
CM645,ID-SNI-626-17-E,4n,3 mo,16/036335,SNI-626,,17E,AS-397645-LR-46504,17,E,N711-S516
CM646,ID-SNI-626-17-F,4n,3 mo,16/036335,SNI-626,,17F,AS-397647-LR-46504,17,F,N712-S516
CM647,ID-SNI-626-17-G,4n,3 mo,16/036335,SNI-626,,17G,AS-397649-LR-46504,17,G,N711-S517
CM648,ID-SNI-626-17-H,4n,3 mo,16/036335,SNI-626,,17H,AS-397651-LR-46504,17,H,N712-S517
CM649,ID-SNI-626-17-I,2n,22.5 mo,AN16CUK000798,SNI-626,,17I,AS-397653-LR-46504,17,I,N711-S518
CM650,ID-SNI-626-17-J,2n,22.5 mo,AN16CUK000798,SNI-626,,17J,AS-397655-LR-46504,17,J,N712-S518
CM651,ID-SNI-626-17-K,2n,22.5 mo,AN16CUK000798,SNI-626,,17K,AS-397657-LR-46504,17,K,N711-S520
CM652,ID-SNI-626-17-L,2n,22.5 mo,AN16CUK000798,SNI-626,,17L,AS-397659-LR-46504,17,L,N712-S520
CM653,ID-SNI-626-17-M,4n,22.5 mo,AN16CUK000798,SNI-626,,17M,AS-397661-LR-46504,17,M,N711-S521
CM654,ID-SNI-626-17-N,4n,22.5 mo,AN16CUK000798,SNI-626,,17N,AS-397663-LR-46504,17,N,N712-S521
CM655,ID-SNI-626-17-O,4n,22.5 mo,AN16CUK000798,SNI-626,,17O,AS-397665-LR-46504,17,O,N711-S522
CM656,ID-SNI-626-17-P,4n,22.5 mo,AN16CUK000798,SNI-626,,17P,AS-397667-LR-46504,17,P,N712-S522
CM657,ID-SNI-626-18-A,2n,3 mo,16/036335,SNI-626,,18A,AS-397669-LR-46504,18,A,N714-S513
CM658,ID-SNI-626-18-B,2n,3 mo,16/036335,SNI-626,,18B,AS-397671-LR-46504,18,B,N715-S513
CM659,ID-SNI-626-18-C,2n,3 mo,16/036335,SNI-626,,18C,AS-397673-LR-46504,18,C,N714-S515
CM660,ID-SNI-626-18-D,2n,3 mo,16/036335,SNI-626,,18D,AS-397675-LR-46504,18,D,N715-S515
CM661,ID-SNI-626-18-E,4n,3 mo,16/036335,SNI-626,,18E,AS-397677-LR-46504,18,E,N714-S516
CM662,ID-SNI-626-18-F,4n,3 mo,16/036335,SNI-626,,18F,AS-397679-LR-46504,18,F,N715-S516
CM663,ID-SNI-626-18-G,4n,3 mo,16/036335,SNI-626,,18G,AS-397681-LR-46504,18,G,N714-S517
CM664,ID-SNI-626-18-H,4n,3 mo,16/036335,SNI-626,,18H,AS-397683-LR-46504,18,H,N715-S517
CM665,ID-SNI-626-18-I,2n,22.5 mo,AN16CUK000798,SNI-626,,18I,AS-397685-LR-46504,18,I,N714-S518
CM666,ID-SNI-626-18-J,2n,22.5 mo,AN16CUK000798,SNI-626,,18J,AS-397687-LR-46504,18,J,N715-S518
CM667,ID-SNI-626-18-K,2n,22.5 mo,AN16CUK000798,SNI-626,,18K,AS-397689-LR-46504,18,K,N714-S520
CM668,ID-SNI-626-18-L,2n,22.5 mo,AN16CUK000798,SNI-626,,18L,AS-397691-LR-46504,18,L,N715-S520
CM669,ID-SNI-626-18-M,4n,22.5 mo,AN16CUK000798,SNI-626,,18M,AS-397693-LR-46504,18,M,N714-S521
CM670,ID-SNI-626-18-N,4n,22.5 mo,AN16CUK000798,SNI-626,,18N,AS-397695-LR-46504,18,N,N715-S521
CM671,ID-SNI-626-18-O,4n,22.5 mo,AN16CUK000798,SNI-626,,18O,AS-397697-LR-46504,18,O,N714-S522
CM672,ID-SNI-626-18-P,4n,22.5 mo,AN16CUK000798,SNI-626,,18P,AS-397699-LR-46504,18,P,N715-S522
CM673,ID-SNI-626-19-A,2n,3 mo,16/036335,SNI-626,,19A,AS-397701-LR-46504,19,A,N716-S513
CM674,ID-SNI-626-19-B,2n,3 mo,16/036335,SNI-626,,19B,AS-397703-LR-46504,19,B,N718-S513
CM675,ID-SNI-626-19-C,2n,3 mo,16/036335,SNI-626,,19C,AS-397705-LR-46504,19,C,N716-S515
CM676,ID-SNI-626-19-D,2n,3 mo,16/036335,SNI-626,,19D,AS-397707-LR-46504,19,D,N718-S515
CM677,ID-SNI-626-19-E,4n,3 mo,16/036335,SNI-626,,19E,AS-397709-LR-46504,19,E,N716-S516
CM678,ID-SNI-626-19-F,4n,3 mo,16/036335,SNI-626,,19F,AS-397711-LR-46504,19,F,N718-S516
CM679,ID-SNI-626-19-G,4n,3 mo,16/036335,SNI-626,,19G,AS-397713-LR-46504,19,G,N716-S517
CM680,ID-SNI-626-19-H,4n,3 mo,16/036335,SNI-626,,19H,AS-397715-LR-46504,19,H,N718-S517
CM681,ID-SNI-626-19-I,2n,22.5 mo,AN16CUK000798,SNI-626,,19I,AS-397717-LR-46504,19,I,N716-S518
CM682,ID-SNI-626-19-J,2n,22.5 mo,AN16CUK000798,SNI-626,,19J,AS-397719-LR-46504,19,J,N718-S518
CM683,ID-SNI-626-19-K,2n,22.5 mo,AN16CUK000798,SNI-626,,19K,AS-397721-LR-46504,19,K,N716-S520
CM684,ID-SNI-626-19-L,2n,22.5 mo,AN16CUK000798,SNI-626,,19L,AS-397723-LR-46504,19,L,N718-S520
CM685,ID-SNI-626-19-M,4n,22.5 mo,AN16CUK000798,SNI-626,,19M,AS-397725-LR-46504,19,M,N716-S521
CM686,ID-SNI-626-19-N,4n,22.5 mo,AN16CUK000798,SNI-626,,19N,AS-397727-LR-46504,19,N,N718-S521
CM687,ID-SNI-626-19-O,4n,22.5 mo,AN16CUK000798,SNI-626,,19O,AS-397729-LR-46504,19,O,N716-S522
CM688,ID-SNI-626-19-P,4n,22.5 mo,AN16CUK000798,SNI-626,,19P,AS-397731-LR-46504,19,P,N718-S522
CM689,ID-SNI-626-20-A,2n,3 mo,16/036335,SNI-626,,20A,AS-397733-LR-46504,20,A,N719-S513
CM690,ID-SNI-626-20-B,2n,3 mo,16/036335,SNI-626,,20B,AS-397735-LR-46504,20,B,N720-S513
CM691,ID-SNI-626-20-C,2n,3 mo,16/036335,SNI-626,,20C,AS-397737-LR-46504,20,C,N719-S515
CM692,ID-SNI-626-20-D,2n,3 mo,16/036335,SNI-626,,20D,AS-397739-LR-46504,20,D,N720-S515
CM693,ID-SNI-626-20-E,4n,3 mo,16/036335,SNI-626,,20E,AS-397741-LR-46504,20,E,N719-S516
CM694,ID-SNI-626-20-F,4n,3 mo,16/036335,SNI-626,,20F,AS-397743-LR-46504,20,F,N720-S516
CM695,ID-SNI-626-20-G,4n,3 mo,16/036335,SNI-626,,20G,AS-397745-LR-46504,20,G,N719-S517
CM696,ID-SNI-626-20-H,4n,3 mo,16/036335,SNI-626,,20H,AS-397747-LR-46504,20,H,N720-S517
CM697,ID-SNI-626-20-I,2n,22.5 mo,AN16CUK000798,SNI-626,,20I,AS-397749-LR-46504,20,I,N719-S518
CM698,ID-SNI-626-20-J,2n,22.5 mo,AN16CUK000798,SNI-626,,20J,AS-397751-LR-46504,20,J,N720-S518
CM699,ID-SNI-626-20-K,2n,22.5 mo,AN16CUK000798,SNI-626,,20K,AS-397753-LR-46504,20,K,N719-S520
CM700,ID-SNI-626-820-L,2n,22.5 mo,AN16CUK000798,SNI-626,,20L,AS-397755-LR-46504,20,L,N720-S520
CM701,ID-SNI-626-20-M,4n,22.5 mo,AN16CUK000798,SNI-626,,20M,AS-397757-LR-46504,20,M,N719-S521
CM702,ID-SNI-626-20-N,4n,22.5 mo,AN16CUK000798,SNI-626,,20N,AS-397759-LR-46504,20,N,N720-S521
CM703,ID-SNI-626-20-O,4n,22.5 mo,AN16CUK000798,SNI-626,,20O,AS-397761-LR-46504,20,O,N719-S522
CM704,ID-SNI-626-20-P,4n,22.5 mo,AN16CUK000798,SNI-626,,20P,AS-397763-LR-46504,20,P,N720-S522
CM705,ID-SNI-626-21-A,2n,3 mo,16/036335,SNI-626,,21A,AS-397765-LR-46504,21,A,N721-S513
CM706,ID-SNI-626-21-B,2n,3 mo,16/036335,SNI-626,,21B,AS-397767-LR-46504,21,B,N722-S513
CM707,ID-SNI-626-21-C,2n,3 mo,16/036335,SNI-626,,21C,AS-397769-LR-46504,21,C,N721-S515
CM708,ID-SNI-626-21-D,2n,3 mo,16/036335,SNI-626,,21D,AS-397771-LR-46504,21,D,N722-S515
CM709,ID-SNI-626-21-E,4n,3 mo,16/036335,SNI-626,,21E,AS-397773-LR-46504,21,E,N721-S516
CM710,ID-SNI-626-21-F,4n,3 mo,16/036335,SNI-626,,21F,AS-397775-LR-46504,21,F,N722-S516
CM711,ID-SNI-626-21-G,4n,3 mo,16/036335,SNI-626,,21G,AS-397777-LR-46504,21,G,N721-S517
CM712,ID-SNI-626-21-H,4n,3 mo,16/036335,SNI-626,,21H,AS-397779-LR-46504,21,H,N722-S517
CM713,ID-SNI-626-21-I,2n,22.5 mo,AN16CUK000798,SNI-626,,21I,AS-397781-LR-46504,21,I,N721-S518
CM714,ID-SNI-626-21-J,2n,22.5 mo,AN16CUK000798,SNI-626,,21J,AS-397783-LR-46504,21,J,N722-S518
CM715,ID-SNI-626-21-K,2n,22.5 mo,AN16CUK000798,SNI-626,,21K,AS-397785-LR-46504,21,K,N721-S520
CM716,ID-SNI-626-21-L,2n,22.5 mo,AN16CUK000798,SNI-626,,21L,AS-397787-LR-46504,21,L,N722-S520
CM717,ID-SNI-626-21-M,4n,22.5 mo,AN16CUK000798,SNI-626,,21M,AS-397789-LR-46504,21,M,N721-S521
CM718,ID-SNI-626-21-N,4n,22.5 mo,AN16CUK000798,SNI-626,,21N,AS-397791-LR-46504,21,N,N722-S521
CM719,ID-SNI-626-21-O,4n,22.5 mo,AN16CUK000798,SNI-626,,21O,AS-397793-LR-46504,21,O,N721-S522
CM720,ID-SNI-626-21-P,4n,22.5 mo,AN16CUK000798,SNI-626,,21P,AS-397795-LR-46504,21,P,N722-S522
CM721,ID-SNI-626-22-A,2n,3 mo,16/036335,SNI-626,,22A,AS-397797-LR-46504,22,A,N723-S513
CM722,ID-SNI-626-22-B,2n,3 mo,16/036335,SNI-626,,22B,AS-397799-LR-46504,22,B,N724-S513
CM723,ID-SNI-626-22-C,2n,3 mo,16/036335,SNI-626,,22C,AS-397801-LR-46504,22,C,N723-S515
CM724,ID-SNI-626-22-D,2n,3 mo,16/036335,SNI-626,,22D,AS-397803-LR-46504,22,D,N724-S515
CM725,ID-SNI-626-22-E,4n,3 mo,16/036335,SNI-626,,22E,AS-397805-LR-46504,22,E,N723-S516
CM726,ID-SNI-626-22-F,4n,3 mo,16/036335,SNI-626,,22F,AS-397807-LR-46504,22,F,N724-S516
CM727,ID-SNI-626-22-G,4n,3 mo,16/036335,SNI-626,,22G,AS-397809-LR-46504,22,G,N723-S517
CM728,ID-SNI-626-22-H,4n,3 mo,16/036335,SNI-626,,22H,AS-397811-LR-46504,22,H,N724-S517
CM729,ID-SNI-626-22-I,2n,22.5 mo,AN16CUK000798,SNI-626,,22I,AS-397813-LR-46504,22,I,N723-S518
CM730,ID-SNI-626-22-J,2n,22.5 mo,AN16CUK000798,SNI-626,,22J,AS-397815-LR-46504,22,J,N724-S518
CM731,ID-SNI-626-22-K,2n,22.5 mo,AN16CUK000798,SNI-626,,22K,AS-397817-LR-46504,22,K,N723-S520
CM732,ID-SNI-626-22-L,2n,22.5 mo,AN16CUK000798,SNI-626,,22L,AS-397819-LR-46504,22,L,N724-S520
CM733,ID-SNI-626-22-M,4n,22.5 mo,AN16CUK000798,SNI-626,,22M,AS-397821-LR-46504,22,M,N723-S521
CM734,ID-SNI-626-22-N,4n,22.5 mo,AN16CUK000798,SNI-626,,22N,AS-397823-LR-46504,22,N,N724-S521
CM735,ID-SNI-626-22-O,4n,22.5 mo,AN16CUK000798,SNI-626,,22O,AS-397825-LR-46504,22,O,N723-S522
CM736,ID-SNI-626-22-P,4n,22.5 mo,AN16CUK000798,SNI-626,,22P,AS-397827-LR-46504,22,P,N724-S522
CM737,ID-SNI-626-23-A,2n,3 mo,16/036335,SNI-626,,23A,AS-397829-LR-46504,23,A,N726-S513
CM738,ID-SNI-626-23-B,2n,3 mo,16/036335,SNI-626,,23B,AS-397831-LR-46504,23,B,N727-S513
CM739,ID-SNI-626-23-C,2n,3 mo,16/036335,SNI-626,,23C,AS-397833-LR-46504,23,C,N726-S515
CM740,ID-SNI-626-23-D,2n,3 mo,16/036335,SNI-626,,23D,AS-397835-LR-46504,23,D,N727-S515
CM741,ID-SNI-626-23-E,4n,3 mo,16/036335,SNI-626,,23E,AS-397837-LR-46504,23,E,N726-S516
CM742,ID-SNI-626-23-F,4n,3 mo,16/036335,SNI-626,,23F,AS-397839-LR-46504,23,F,N727-S516
CM743,ID-SNI-626-23-G,4n,3 mo,16/036335,SNI-626,,23G,AS-397841-LR-46504,23,G,N726-S517
CM744,ID-SNI-626-23-H,4n,3 mo,16/036335,SNI-626,,23H,AS-397843-LR-46504,23,H,N727-S517
CM745,ID-SNI-626-23-I,2n,22.5 mo,AN16CUK000798,SNI-626,,23I,AS-397845-LR-46504,23,I,N726-S518
CM746,ID-SNI-626-23-J,2n,22.5 mo,AN16CUK000798,SNI-626,,23J,AS-397847-LR-46504,23,J,N727-S518
CM747,ID-SNI-626-23-K,2n,22.5 mo,AN16CUK000798,SNI-626,,23K,AS-397849-LR-46504,23,K,N726-S520
CM748,ID-SNI-626-23-L,2n,22.5 mo,AN16CUK000798,SNI-626,,23L,AS-397851-LR-46504,23,L,N727-S520
CM749,ID-SNI-626-23-M,4n,22.5 mo,AN16CUK000798,SNI-626,,23M,AS-397853-LR-46504,23,M,N726-S521
CM750,ID-SNI-626-23-N,4n,22.5 mo,AN16CUK000798,SNI-626,,23N,AS-397855-LR-46504,23,N,N727-S521
CM751,ID-SNI-626-23-O,4n,22.5 mo,AN16CUK000798,SNI-626,,23O,AS-397857-LR-46504,23,O,N726-S522
CM752,ID-SNI-626-23-P,4n,22.5 mo,AN16CUK000798,SNI-626,,23P,AS-397859-LR-46504,23,P,N727-S522
CM753,ID-SNI-626-24-A,2n,3 mo,16/036335,SNI-626,,24A,AS-397861-LR-46504,24,A,N728-S513
CM754,ID-SNI-626-24-B,2n,3 mo,16/036335,SNI-626,,24B,AS-397863-LR-46504,24,B,N729-S513
CM755,ID-SNI-626-24-C,2n,3 mo,16/036335,SNI-626,,24C,AS-397865-LR-46504,24,C,N728-S515
CM756,ID-SNI-626-24-D,2n,3 mo,16/036335,SNI-626,,24D,AS-397867-LR-46504,24,D,N729-S515
CM757,ID-SNI-626-24-E,4n,3 mo,16/036335,SNI-626,,24E,AS-397869-LR-46504,24,E,N728-S516
CM758,ID-SNI-626-24-F,4n,3 mo,16/036335,SNI-626,,24F,AS-397871-LR-46504,24,F,N729-S516
CM759,ID-SNI-626-24-G,4n,3 mo,16/036335,SNI-626,,24G,AS-397873-LR-46504,24,G,N728-S517
CM760,ID-SNI-626-24-H,4n,3 mo,16/036335,SNI-626,,24H,AS-397875-LR-46504,24,H,N729-S517
CM761,ID-SNI-626-24-I,2n,22.5 mo,AN16CUK000798,SNI-626,,24I,AS-397877-LR-46504,24,I,N728-S518
CM762,ID-SNI-626-24-J,2n,22.5 mo,AN16CUK000798,SNI-626,,24J,AS-397879-LR-46504,24,J,N729-S518
CM763,ID-SNI-626-24-K,2n,22.5 mo,AN16CUK000798,SNI-626,,24K,AS-397881-LR-46504,24,K,N728-S520
CM764,ID-SNI-626-24-L,2n,22.5 mo,AN16CUK000798,SNI-626,,24L,AS-397883-LR-46504,24,L,N729-S520
CM765,ID-SNI-626-24-M,4n,22.5 mo,AN16CUK000798,SNI-626,,24M,AS-397885-LR-46504,24,M,N728-S521
CM766,ID-SNI-626-24-N,4n,22.5 mo,AN16CUK000798,SNI-626,,24N,AS-397887-LR-46504,24,N,N729-S521
CM767,ID-SNI-626-24-O,4n,22.5 mo,AN16CUK000798,SNI-626,,24O,AS-397889-LR-46504,24,O,N728-S522
CM768,ID-SNI-626-24-P,4n,22.5 mo,AN16CUK000798,SNI-626,,24P,AS-397891-LR-46504,24,P,N729-S522